text,label
Aquela vontade de acabar com a minha vida voltou,1
to triste e com vontade de acabar com a minha vida,1
Corinthians ta querendo acabar com minha vida mesmo,0
Alguém poderia por favor me dar um tiro a acabar com a minha vida,1
TAYLOR TU VAI acabar com a minha vida MULHER,0
Eu vou assistir o jogo todo puto mais uma vez. Esse velho maldito vai conseguir acabar com a minha vida,0
Alguem pode me.indicar uma série uma boa q vai acabar com a minha vida social pelas próximas semanas??,0
tenho 76 slides p estudar obg faculdade por acabar com a minha vida social,0
eu nao concordei com um tweet da fernanda agora ela desenterrou um hit meu pra acabar com a minha vida acho lindo a amizade pósmoderna,0
sessão de foto pra acabar com a minha vida esse fudido  ,0
quem te deu permissão pra acabar com a minha vida desse jeito seu fdp te amo demais bixo escroto da minha vida todinha 333,0
Se eu decidir acabar com minha vida hoje vai ser ótimo pq realmente eu não aguento mais,1
Galo vai acabar com minha vida acadêmica,0
Escola vai acabar com minha vida social é isso,0
Q lindo tem resumo e report de ing e ainda mais slides de artes tudo pra seg sendo é véspera de prova Esses projetos tão tentando acabar com minha vida juro,0
Esse meu vizinho quer acabar com a minha vida  colocando esses pagodes que dói até a alma.,0
A madonna quer acabar com a minha vida mesmo pic.twitter.comS23kg7Ocn5,0
eu não penso em suicídio há uns dois anos mas isso não significa que eu não pense em morrer. eu nunca faria algo para acabar com minha vida  mas eu desejo o fim dela frequentemente. é estranho,1
a única pessoa que eu podia desabafar e de fato me entendia eu consegui deixar escapar e como me disseram isso foi o gatilho que faltava pra me dar coragem de acabar com a minha vida . mas calma. ninguém tem culpa de nada. ninguém além de mim.,1
esse professor de comunicação meios e significados quer acabar com minha vida,0
eu ouço que é coisa da minha idade e que vai passar q eu só tô em uma baita crise existencial. SE FOSSE SÓ ISSO EU NÃO ESTARIA NESSE PONTO DE JÁ TER TENTANDO acabar com a minha vida poxa ninguém consegue se colocar no meu lugar? não é impossível.,1
jungkook você ama acabar com a minha vida né??,0
Game of Thrones está voltando para acabar com minha vida,0
Vontade mesmo de mandar tudo pro ar e até mesmo acabar com minha vida,1
e eu achando que essas fotos não iriam acabar com a minha vida até after 2 pic.twitter.comy9koF4PRdn,0
ela vai voltar pra acabar com a minha vida  ,0
eu hoje falando que a comunidade lgbt entrou num padrão e namora pessoas iguais a si e que é comum o preterimento do negro e a objetificação da mulher negra e etc com um casal gay branco atrás de mim que podia me acusar de homofobia e acabar com a minha vida,0
Aliás por isso que eu não assino. Pra não acabar com a minha vida social,0
eu mando cada foto pro Romulo e pra Maria que se um dia eles quiserem acabar com a minha vida tá facinho,0
essa conta ainda vai acabar com a minha vida  ,0
Desgraçada fdp  fazendo macumbinhaaaa pra acabar com a minha vida achando que eu não ia saber,0
Mulheres ruivas vão acabar com minha vida,0
Essa tequila vai acabar com a minha vida kkkkkk,0
Hj as 21h47 minha mãe me bate me deixando machucada e me ameaça apenas por eu falar que estou namorando uma garota... Sério eu não tô bem eu acho que vou acabar com a minha vida de vez... então... É isso estou machucada mais a morte vai me fazer esquecer isso,1
nossa outra igual eu nunca vi na vida ela é puro embalo é disparo é de parar a avenida já é pura adrenalina no meu coração essa sensação mina tu vai acabar com a minha vida,0
O problema é que meu coração sempre fala de mais sai dizendo cada eu te amo pra quem não devia dessa vez ele escolheu você pra acabar com a minha vida  outra vez tô colecionando garrafas vazias,0
pensando em como vou pegar uma barra de chocolate e comer tudo sem minha mãe perceber e acabar com minha vida antes de eu repor,0
o Bayern querer contratar o Werner é pra querer acabar com a minha vida de vez.,0
maravilha meu pai vai tirar meu celular de novo e meu psicológico está 100 abalado se eu não acabar com minha vida hj...,1
Saber que o louco do Bira pode acabar com minha vida com um simples gesto me preocupa,0
O MEJ quer acabar com a minha vida,0
Maldito sertanejo pra acabar com a minha vida,0
mesmo tendo provavelmente umas 3 provas que vão acabar com a minha vida,0
Assistindo This Is Us pra acabar com a minha vida de vez,0
Matheus e Kauan para de acabar com minha vida AGORA,0
O problema é que meu coração sempre fala demais Sai dizendo cada eu te amo Pra quem não devia Dessa vez ele escolheu você Pra acabar com a minha vida,0
salário caindo em pleno sabadou e hj tem logo o show do turma do pagode vou acabar com a minha vida mais uma vezzzz,0
Taylor Swift está voltando para acabar com a minha vida,0
o objetivo de yuri ontem no rolê foi acabar com a minha vida  só isso,0
Eu preciso acabar com minha vida o mais rápido possível,1
heloísa vai acabar com a minha vida kkkkkkk prevejo,0
Dessa vez ele escolheu você pra acabar com a minha vida,0
TAYLOR SWIFT ESTÁ VOLTANDO PARA acabar com a minha vida ! ,0
A porra dessa uber Eats quer acabar com minha vida social,0
esss relatório de estágio vai acabar com a minha vida social eu sinto,0
Se aquele menino não acabar com minha vida .. Não considero ele fdp,0
nossa estou cansado de viver,1
Tô tão cansado dessa vida. Tô tão cansado de não conseguir ser feliz de não ver luz no fim do túnel. Tô realmente bem cansado de viver assim.,1
oficialmente cansado de viver,1
Primeiro capítulo no ar! Ian Thompson está cansado de viver a vida que seus pais escolheram para ele e por isso decide voltar para sua cidade natal Charleston e alugar um apartamento próximo a casa do avô...  ,0
Tou tão cansado de viver .,1
 cansado de viver EM UM PAÍS QUE SÓ ANUNCIA TRAGÉDIAS LIXO,0
Na Porta ao Lado volta amanhã para o Wattpad e hoje ganhou capa e sinopse novas! Ian Thompson está cansado de viver a vida que seus pais escolheram para ele e por isso decide voltar para sua cidade natal...  ,0
cansado de viver  chega de ser um tormento na vida das pessoas,1
Oq vc tem? Nada é só cansaço Cansaço psicológico... cansado de viver  isso sim.,1
cansado com dor de cabeça e sem vontade de viver,1
Sabe o que e estar cansado de viver ?? Pse to nesse nivel ja,1
Realmente tô cansado de viver,1
Tem como não acordar mais tô cansado de viver isso todo dia,1
aí namoral? a existência cansa to cansado de viver,1
Você está triste e cansado de viver a vida em um carrossel E você não pode encontrar o lutador Mas eu vejo isso em você então nós vamos caminhar com isso E mover montanhas Nós vamos caminhar com isso E mover montanhas ,0
cansado de viver dividido entre política e varejo. as urgências são as mesmas e tudo é pra ontem.,0
Você está triste e cansado de viver a vida em um carrossel. Você não pode encontrar o lutador mas eu vejo isso em você então nós vamos caminhar com isso e mover montanhas !   ,0
E eu to tão cansado de viver longe das pessoas que eu gosto..,0
cansado de viver uma vida baseada em estações,0
Cada vez mais cansado de viver ....,1
atenção jovens deem o banco para os idosos se tu tem 20 anos e já tá cansado de viver  então imagina a porra do idoso dá o banco pro idoso filha da pita,0
eu nunca tinha entendido isso. mas agora eu entendo. eu to cansado de viver .,1
Um dia você ta brincando com seus brinquedos jogando seu vídeo game e cansado de viver por causa dos seus tramas de escola. No outro está vendo tudo isso na vida de outra pessoa que você gerou. A vida é uma bala parceiro! Aproveita cada segundo. ,0
É q a gente n quer só comida mas tamo cansado de viver do pecado.,0
a gente vai lutar e se precisar vamo fazer revolução e guerra. tamo cansado de viver em um país racista onde só branco tem vez! ,0
meme do tom cansado de viver  ,0
cansado de viver pelas posições de outros eu quero viver pra me agradaaaaar,0
A tristeza tenta a esperança me roubar o coração cansado de viver a frustração de esperar mas Deus não vai deixar que o tempo possa sufocar preciso aprender a confiar e esperar.....,0
Tô cansado de viver duro,0
eu to cansado de viver isso qria q tudo acabasse,1
To cansado de viver mesmo,1
aff cansado de viver é sério,1
sei lá só queria dormir pra sempre,1
daí você mistura um monte de remédios esperando sei lá dormir pra sempre ??? e acorda já no dia seguinte só com uma dor no estômago absurda ???? acordada triste com dor no estômago mais azarada que eu???,1
Chuvinha otima pra dormir pra sempre,0
carai esse clima da vontade de dormir pra sempre,0
cara só queria dormir pra sempre até td isso passar ainda n superei nada,1
Eu queria dormir pra sempre  deve ser mt bom,1
quero dormir pra sempre tem como?,1
meu sonho é dormir pra sempre  mas quem dorme pra sempre eh quem morre mas eu não quero morrer só quero dormir pra sempre msm.,0
só quero dormir pra sempre a,1
só quero dormir pra sempre,1
To só pensando: Aquele dia a gente acorda com vontade de dormir pra sempre  porque tudo está uma bosta,1
Isso é vdd queria dormir pra sempre,1
Odeio a minha vida eu só queria dormir pra sempre e nunca acordar,1
o tanto de coisa que eu vou ter que fazer amanhã...sla so queria dormir pra sempre,0
Se vc dormir pra sempre não vai mais dar risada das merdas que eu falo enquanto a gente almoça,0
momento que eu não sei o que to sentindo e to sem propósito nenhumqueria dormir pra sempre,1
que vontade de dormir pra sempre,1
queria dormir pra sempre sabe,1
eu me sinto horrível. Eu prometi pra tanta gente que iria tentar melhorar mas as coisas só pioram e pioram. tudo dentro de mim dói de uma maneira insuportável eu nem quero mais que as pessoas entendam. não quero tentar explicar ou melhorar eu só quero dormir pra sempre .,1
vontade de dormir pra sempre,1
Áh mano sei la Só queria dormir pra sempre,1
Só queria dormir pra sempre ..,1
sou gorda sofri mt bullying e nunca vou conseguir ter uma vida boa porque a crise de ansiedade e depressão tomaram conta de mim só queria dormir pra sempre,1
To descrente da minha vida angústia sem motivo vontade de dormir pra sempre,1
Pq ultimamente puf só queria dormir pra sempre,1
vontade de dormir pra sempre,1
to cansada quero dormir pra sempre ....,1
Cansada demais queria dormir pra sempre,1
você deve estar morto amigo kkkk,0
a mas como o jon vai matar matar o rei da noite se ele vai estar morto ??? pare de procurar lógica num série q tem dragões,0
amnha vou estar morto na escola (ressaca),0
e que não vai ficar no trono de ferro pq vai estar morto  obrigado  ,0
O BROOK É UM MORTO QUE COMEU A FRUTA QUE IMPEDE Q ELE MORRA E ELE COMEU ISSO DPS DE estar morto E AGR ELE É UM ESQUELETO VIVO E MORTO,0
ei kunikida que tal você parar de brincar de estar morto e tentar aparecer no novo capítulo mês q vem,0
morrer não deveria ser tabu se pessoa quer morrer deixa ela morrer inferno afinal vai estar morto então vai ter nem como se arrepender a vidas dos outros segue normal .. ninguém vai se parar pq alguém morre as viver é igual uma tortura dentro da própria bolha,1
Ele pode estar no chão Ele pode estar deitado Ele pode estar morto Ele pode estar de costas EU NÃO DUVIDO NUNCA DE STEPHEN CURRY    ,0
Ruben Branco faz piadas para quem merecia estar morto,0
Spider Groot Gamora e Loki (ele pode não estar morto  mas em IW mostrou a morte então conta),0
Só queria estar morto neste momento,1
Vou chegar em casa e o cachorro vai estar morto de fome mas estou me sentindo bem demais onde estou,0
uma frase que ache inspiradora  Viver sem uma paixão é como estar morto . Me faz acreditar no amor então eu gosto bastante.  ,0
Devido o Michael Jackson já estar morto e não poder se defender eles acusam o documentário de calúnia e esse também é um dos fatores responsáveis pelas ações contra ele. Não quer dizer q o documentário é mentira,0
Aí mais umas vez vo falar queria estar morto,1
Absurdo é não ter cancelado o cpf. Eu aprendi que ao sacar a arma é para mandar chumbo quente e depois pode conversar um pouco se desejar com o quase morto  tipo padre passando a extrema unção. Ele podia estar morto e a mulher também.  ,0
Irmão queria estar morto .,1
É capaz de meu futuro neto estar morto e esse animemanga ainda existir.,0
senhor o dia que alguem sentir ciumes de mim eu vou estar morto cm ctz pq vivo n vai acontecer nunca,0
Planejava estar morto agora.,1
parou pq quis garoto se estar morto é ser como a miley pqp mais da metade dos artistas queriam estar mortoskkkkk n adianta chorar ariana é muito artista mas n ta no pedestal que vcs a colocam bjs nego,0
Vontade de estar morto está mesmo grande nem imaginam,1
Ata O Michael passou de estar morto a estar no meio de uma guerra civil no Iraque Que é basicamente o mesmo,0
passar o dia do beijo sem beijar ngm é triste mas tu ja passou o dia dos finados sem estar morto ?,0
kkkkkjjk noooossa fi se o will faz isso cmg ele pode até n estar morto de vdd mas eu MATO dps dessa palhaçada,0
Queria ficar bebado sem estar morto no outro dia não tá fácil,0
Eu queria estar morto,1
Tem q ser 2 rins msm pq pra ir no show do xxx tem q estar morto msm,0
é tipo algo que nunca aconteceria no mundo real e que vc nunca iria admitir que adoraria que acontecesse com vc mas que no fundo vc gostaria pq fala sério quem não ama um clichê romântico haha se vc não ama deve estar morto por dentro brincadeirinha ,0
 o erro da ditadura foi tortura e não matar  ... Zico teve um irmão torturado ... ainda assim apoia quem acha que o irmão dele deveria estar morto ! na verdade morto quem está é o Zico a morte moral é a pior de todas as mortes,0
 vai jogar virado Eu vou estar morto e ainda tendo q dividir atenções com a arbitragem Tõ sentindo q é o dia do  brilhar,0
queria estar morto . há tempos.,1
não é que eu queria morrer porque dói e a minha vida é uma bosta eu quero morrer porque assim é bem mais fácil saca? morri acabou. se eu morro não preciso me preocupar com nada referente a aparência PORQUE EU VOU estar morto  então eu quero morrer porque é mais fácil,1
Eu sei foi só uma brincadeira. Sorte do cidadão já estar morto  do contrário seria linchado.,0
Pq não ? Eu não quero pagar pra manter bandido lá que merece estar morto e até o mesmo os que merecem estar lá eai como faz?,0
Não sei o que é pior viver ou não estar morto,1
Eu: Palpatine seu fdp vc deveria estar morto Also Palpatine :  ,0
Eu preferia estar morto,1
Vi tão sublime a chuva caindo e não pude tocala a sensação de vida que acompanha a chuva me foi tirada agora só me resta a sensação de estar morto ... É agoniante morrer enquanto ainda respiraacordando todas manhãs vivo dentro do mesmo corpo que pode ser intitulado de prisão..,1
Posso estar morto de cansaço e ter me fodido muito no serviço nos últimos 3 dias mas porra esse mapeamento me rendeu muita risada e umas vistas do crl,0
Gente mulher sem noçãoele poderia estar morto ! suicídio ou na cadeia Prq até os bandidos não aceitam esse tipo de crime.Ele é um escolhido de Deus... muito abençoado!,0
Porque aquilo que a a rey tava olhando era a estrela da morte né? Aqueles destroços. Então faz sentido (tirando o fato de que ele deveria estar morto ) a risada no final ser do Imperador,0
olha... episódios 1 ao 3 e prometheus me fizeram eu achar que qualquer sequencia de ficção vai ser BEM ruim. Aí se for bom vai ser uma boa surpresa e se for ruim vão estar simplesmente entregando o que eu esperava. em outras palavras é bom estar morto por dentro.,0
Sem a Sakura Sasori não ia estar morto pois a Chyo sozinho ia perder pra ele.,0
A sensação de estar morto por dentro é horrível,1
Nessa altura ele vai estar morto depois de anos a mamar uma belíssima pensão de velhice que negam às gerações mais novas  ,0
Levando em conta que a Cersei tá na lista da Arya de pessoas que ela quer matar desde a season 2 seria o fan service perfeito ela riscando mais um nome da lista matando a Cersei ainda mais com o rosto do Jamie (mas pra isso ele teria que estar morto ),0
eu sei que eu estaria melhor morto,1
Meu amor próprio foi violado Minha privacidade foi revirada E ainda encontro ainda encontro Repetindo em minha mente Se não posso ser eu mesmo Eu me sentiria melhor morto,1
Se não posso ser eu mesmo Eu me sentiria melhor morto !,1
eu estaria melhor morto,1
tem uma voz na minha cabeça dizendo que eu estaria melhor morto,1
e quer saber eu estaria melhor morto,1
Haddad nunca foi homofóbico aonde o povo ta com a cabeça. Os Bolsonaros que saem dizendo por aí que filho gay é melhor morto e não o    ,0
se eu sinto falta de alguma amizade que eu tinha? posso até ter mas se a pessoa tá melhor sem mim  oq q eu posso fazer né,0
todo mundo é melhor sem mim  eu só dou desgosto,1
eu sabia que tudo é melhor sem mim .,1
Por muito que goste de ti ao fim do dia sei que estás melhor sem mim e não há nada que eu possa fazer...,0
sinto tanto a tua falta mas sei que está melhor sem mim,0
eu não me dou ao luxo de sair da vida de ninguém a menos que a pessoa realmente esteja melhor sem mim  o que sabemos que não acontece né?,0
cada vez tenho mais certeza de que não faço falta em lugar nenhum e tudo é melhor sem mim .,1
A vida de muitas pessoas seria melhor sem mim por perto,1
O mundo seria melhor sem mim,1
Nao sente falta da amizade do Guilherme??  Sentir eu sinto mas ele ta melhor sem mim  ,0
além disso é uma proposta muitas vezes egoísta a pessoa tá melhor sem mim pra que impor uma dr e uma tentativa de reconciliação senão pra afagar meu ego que tá dizendo ela te odeia vai resolver isso?,0
Eu sou um completo desastre em todos os aspectos da vida um inútil de verdade (já falaram isso pra mim ) o mundo vai ser um lugar melhor sem mim,1
Nao vou te chamar tu ta melhor sem mim  Curte alguma coisa quero saber quem é  ,0
mas eu sei que ela vai ficar melhor sem mim,0
Se ela ta melhor sem mim  vou correr atrás pra que ju?,0
para de fingir q tá melhor sem mim besta e deixa eu cuida de você,0
Preciso começar a fazer terapia essas crises uma hr vai me matar,1
egua eu quero me matar real sem meme,1
Meus pais estão com medo deu me matar,1
Quebrei pela segunda vez meu óculos MEU PAI VAI me matar REAL,0
O que fiz no fds inteiro? Tudo menos estudar mas faço de consciência limpa pois não vou me matar uma por uma coisa que já está me matando,0
socorro enxaqueca vai me matar,0
às vezes dá tanta vontade de me cortar outra vez mas realmente não vai fazer a diferença eu tinha é que me matar,1
Tenho pressão alta mozi kkkkkkkkkk quer me matar é?,0
Rapaz se esse programa de hj nao me matar de rir nada mais me matará ,0
Minha mãe vai me matar quando descobrir que assinei esse pacote pelo cartão dela.,0
 vc quer me matar do coração filho? Aquele papelão do Lean Juca no armário. CRISTO,0
A Nicol foi ao meu telemóvel na conta privada e meteu na foto dele! Aptece me matar te!,0
Já falei que você vai me matar do coração ok?,0
Essa EJ vai me matar ainda Se n for de felicidade vai ser de desespero,0
Incrível o jeito que ela consegue me matar em 9s pic.twitter.comYYKbRNXj4x,0
Amanhã tenho dentista ela vai me matar amanhã,0
Essa sdds ainda vai me matar,0
Meu pai pediu japa e eu vou comprar meu hambúrguer vou me matar de tanto comer,0
só hoje eu comi um bolo inteiro vem gluten me matar pic.twitter.comovmyK0KSGr,0
puta que me pariu acabei de descobrir que tenho prova amanha eu vou me matar aaaacarALHOOO,0
Quer me matar de ódio é acordar minha filha atoa TOMAR NO MEIO DO CU,0
Hoje eu sonhei que uma menina qie faz rp lá na univali tentava me matar hsbshshs que horror,0
filha da puta no meio da praia falou q queria pegar pedra pra jogar na minha cabeça q ia me matar . flamenguista é uma desgraça msm ne,0
vou me matar mano PUTA QUE PARIU como pode ser tão idiota e filha da puta,1
só hoje ja quis me matar 10 vezes Grande Dia,1
Meu pai vai me matar,0
meu irmão vai me matar de rir kkkkkkkkllkkk,0
Vem matar a saudade antes dela me matar,0
sujei a casa inteira de rosa mamae vai me matar,0
minha mãe vai me matar,0
Incrível como meu pai me faz passar da euforia do borderline pra querer perguntar pra drogadinho na rua se tem arma pra me matar  que eu pagava no dia do meu aniversário.,1
minha sogra vai me matar uma hora,0
quer me matar de raiva é não me dar atenção,0
o pior é que antes das eleições esse menino era um cavalheiro chegava e beijava minha mão agr do nada toda vez que ele me vê fala que vai pegar uma arma e me matar,0
menina.. quer me matar do coração????,0
O ciúmes ainda vai me matar um dia,0
to brisando em você to querendo te ver to puxando assunto pra vc me responder.. vem mas vem pra ficar sem hora pra voltar vem matar a saudade antes dela me matar .......,0
Yuri vai me matar mané pqp,0
 descobri o curiouscat acho legal quem quiser me matar por mensagem ou mandar mensagem de carinho fique a vontade,0
Vasco ainda vai me matar e tá bem perto muito perto msm,0
caralho eu só queria me matar o que custaaaa pic.twitter.comuUegewXqyI,1
Como me matar sem deixar minha mãe triste,1
ansiosa p receber o guilherme em cps e ele me matar sufocada de noite ,0
ai meu que vontade de me matar,1
O menino tá assistindo Magic Mike e coloca na legenda que tá aprendendo a dançar. É pra me matar do coração mesmo né,0
bicho tá passando o penúltimo episódio da sétima temporada tu é doida hbo quer me matar assim,0
eu conversando sobre o ceu pra o moço nao me matar difícil ser mulher,0
O fato de eu ser cristão ñ quer dizer q tenho q amar pessoas q seguem a ideologia q mais assassinou cristãos na história universal. Amo pessoas e odeio ideologia q quer me matar . Esquerda é assassina. E eu odeio assassino,0
valeu a pena pelos seguintes motivos: estava com saudade dessa corna e a gente riu pra caralho e o Hero é gosto suficiente pra me fazer ficar olhando pra tela de cinema sem querer me matar,0
Adoro ouvir a tua voz ficar perto de você essa distância quer me matar,0
que vontade de queimar tudo fugir pra outro país e começar uma nova vida ou sei la me matar,1
já comecei com: Desculpa vc vai me matar,0
Mano a agonia ainda vai me matar  me corroendo por dentro,1
eu não vou me matar pra pagar 70 reais em ingresso pra final de rural não podia mandar a porra do jogo pra porra do mineirão mas ta com medo e leva pro independencia pra colocar um preço abusivo desse,0
Essa mania de guardar as coisas isso ainda vai me matar,0
seja fotógrafo da sua namorada ela vai querer me matar  mas preciso postar essa obra de arte que tirei kdkgkh pic.twitter.com8DhI2oivdi,0
c quer me matar de raiva isadora,0
Quase engasguei com maçã agora opa! Tem uma bruxa malvada disfarçada de madastra da Branca de Neve tentando me matar ?,0
eu aceitei bebida de um estranho se minha mãe souber ela vai me matar,0
Acabei meus trabalhos agr a ansiedade p 22:30 ta imensa ja comprei o desfibrilador p minha arritmia nao me matar durante o epd,0
pensando em quem deve morrer em got enquanto a cólica tenta me matar,0
pfvr alguém pode ficar 24h por dia cmg até eu não querer me matar mais,1
Avaliações bimestrais  desespero vai essa aqui mesmo e minha mãe vai me matar .,0
Essa semana n preciso me matar de estudar pra prova de quinta,0
 pede pra eu ligar pra ela e eu tenho que me matar pra puxar assunto com essa praga pra ela me responder com aaa taaa.,0
Ah não cara... percebi que escrevi uma ANAMNESE a mão com artigo de bioquímica atrás MEU DEUS DO CÉU VOU me matar (será q da pra entregar assim mesmo?),0
Comi muito hoje amanhã vou me matar na academia,0
O que sugere querida? Uma prece à Afrodite? Ou devo fazer uma oferenda para o rei dos mares agradecendo por ele quase me matar afogada?,0
gente lua ta em leao e a venus em peixes puta que pariu QUER me matar ASTROLOGIA ?????????,0
a rihanna eh mt linda cara sera que se ela nao me matar eu tenho chance de casar com ela,0
a madonna quer me matar msm,0
Léo conseguiu quase me matar do coração viu filho da puta,0
ela vai me matar mas olha isso pic.twitter.comntmf4Jd7js,0
Galo vai me matar do coração uai kkk não sei se tenho psicológico pra isso,0
O Fábio ainda vai me matar tentando driblar atacante uma hora isso vai dar merda,0
Hoje aprendi uma nova palavra com minha irmãzinha especiante (especial)  o tá você é muito especiante Essa menina ainda vai me matar de amor,0
projeto vai me matar esse período certeza,0
To aponto de me matar Mano,1
escola pq tentas me matar ?,0
Crise de depressão é assim você passa o dia fingindo está bem. Mas agora estou sentada na frente da TV tentando conter a vontade de me matar . E não tem nenhum motivo aparente,1
minha mãe ia me matar  sem condições mas só dava pra comprar 3 tb,0
Meu pai quer me matar de ódio olha a foto que ele me mandou pic.twitter.comuvF7BlEDqY,0
A beleza dessa Carinha gente aff podia me matar  ,0
Vcs vão me matar se eu postar foto no insta novamente?,0
Pior q se eu chegar doente na casa da minha mãe ela vai me matar,0
Com tremenda vontade de me matar,1
Minha namorada quer me matar do coração.,0
Acho que já posso começar a escrever minha carta de suicídio,1
Tem uma lista de uns 50 nomes pra colocar na minha carta de suicídio,1
escrevendo minha carta de suicídio chorando e ouvindo one direction,1
Estou pensando seriamente em escrever minha carta de suicídio,1
Vou terminar de escrever minha carta de suicídio,1
Assinei minha carta de suicídio  ótimo,1
Queria poder ter uma forma simples de me despedir dos meus amigos de uma maneira que eles não percebam oque pretendo fazer. A minha carta de suicídio tá pronta e nela eu peço perdão a poucas pessoas. outras eu agradeço e outras eu agradeço por me fazerem chegar a isto,1
tem dias que eu não aguento mais morar sozinha mas se eu voltasse é como se eu tivesse assinando minha carta de suicídio  pois sem condições. TEM DIAS QUE EU SÓ QUERIA QUE ALGUÉM PLANEJASSE O ALMOÇO COMIGO OU ME OUVISSE FALANDO DAS CENAS DO DORAMA,1
É aqui que eu escrevo a minha carta de suicídio ?,1
Cheguei na escola sentei no fundo peguei o caderno e comecei a escrever minha carta de suicídio : mãe me perdoa por isso mas vai ser o melhor pra todos vcs! Saiba que eu te amo e se suportei isso durante muito tempo foi pra nao te deixar triste mas pra mim ja deu! Desculpa,1
Semana passada fiz minha segunda carta de suicídio e não é que fiz sem chorar sem ter emoções conheço meus limites e sei que algum dia vou passar deles e a partir deste dia deixarei de existir. Assim todo mundo ficará feliz,1
parei pra pensar que ano passado escrevi minha carta de suicídio será que esse ano eu escrevo outra?,1
minha carta de suicídio pode causar perturbações a quem tem o nome envolvido mas pergunta se eu ligo?!,1
Depois disto lanço a minha carta de suicídio,1
na minha carta de suicídio eu com certeza citaria o meu primo. sempre esfregam na minha cara que ele se sai melhor em tudo. que entrou na escola que eu não consegui entrar. que fez não sei o que e pa. pena que não poderia ver a cara de bosta deles lendo essa porra. desgraçados,1
hj de tarde eu escrevi mentalmente a minha carta de suicídio,1
já tô escrevendo minha carta de suicídio,1
Tava aqui pensando faz 8 meses quebeu tentei me matar e eu ainda não joguei fora minha carta de suicídio . E deveria fazer 3 meses que eu não memachuco mas agora só faz duas semanas. Eu sou louca mesmo não tem outra explicação.,1
É minha carta de suicídio,1
qualquer hora dessa já to pondo em prática minha carta de suicídio,1
Muito bom que na minha carta de suicídio eu escrevi a culpa disso não é de vocês é minha  na minha cabeça isso diminui o impacto,1
comecei a escrever minha carta de suicídio,1
Eu escreveria minha carta de suicídio,1
eu ja estou fazendo minha carta de suicídio e vocês?,1
Hoje vim o caminho todo da van pensando o que eu escreveria na minha carta de suicídio caso eu me suicidasse,1
mostrei minha carta de suicídio declaração e recebi elogios,1
vou te mencionar na minha carta de suicídio,1
minha carta de suicídio hm,1
dia 12 de fevereiro eu comecei a fazer a minha carta de suicídio  nessas eu meio que marquei quando o suicídio iria acontecer. Não sei o dia exatamente mas vai ser depois do dia 22 de abril2019.,1
tô perdendo a fé nas pessoas de um jeito que se eu me matar (inclusive quero) minha carta de suicídio vai ser escrita só pro meu cachorro,1
Reescrever minha carta de suicídio,1
boa noite Larilari : vou morrer sozinho Larilari : É mt sua música Larilari : Kkkkkkk,0
o ápice da balada foi tocarem vou morrer sozinho e eu cantando bêbada com o rafael rindo da minha cara.,0
escutando taylor e ficando bad sabendo que vou morrer sozinho .,0
As vzes eu me sinto só a música do Jão.. vou morrer sozinho realll,0
Hj eu tô só a música do  ... Aí Meu Deus eu vou morrer sozinho se continuar nesse caminho ...,0
tu é tao carente q chega dar nojo n é atoa q vai morrer sozinho nessa vida mediocre q voce leva kk  Minha vida ta boa  ,0
ficar junto é nosso destino nois vamo morrer sozinho trepar dividindo um fino,0
Qual é a trilha sonora da sua vida ?  Jão  vou morrer sozinho  ,0
ai meu deus eu vou morrer sozinho,0
fantasias: rafa (  ) se inspirou em vou morrer sozinho  pro look e eu em imaturo. pic.twitter.comjZiqH4p6pW,0
ai meu Deus eu vou morrer sozinho,0
Já que eu vou morrer sozinho  eu preciso ser o tio rico da família a solução perfeita é virar traficante,0
Vou tenta voltar com minha ex pode ser um erro mais melhor q morrer sozinho,0
monogamia foi inventada por um cara de pau mole q não conseguia comer ngm aí inventou o casamento pra garantir que não ia morrer sozinho,0
eu acho que vou morrer sozinho  mas todo mundo morre sozinho  reflita,0
Tô começando acreditar nesse bglh q vou morrer sozinho,0
Qual seu maior medo  Como a maioria dos gays morrer sozinho  ,0
Meu egoísmo vai me fazer morrer sozinho ainda...,0
Sou a cara de meu pai vou morrer sozinho com o meu rancor igual a ele Predestinado a ser um merda Teu sofrimento não é nada comparado a o que você herda,0
Eu definitivamente não tenho sorte no AMOR  acho que nasci pra morrer sozinho,0
Cada dia mais consciente que a gente nasce sozinho e vai morrer sozinho mesmo,0
Carai a verdade é que eu sou um chatonildo vou morrer sozinho,0
Nunca vai da certo c ngm mesmo  kkk nasci sozinho e vou morrer sozinho cria  ,0
Também não me interessa não consigo continuar vendo acho cansativo... Nada contra quem gosta só acho meio superestimada!,0
a personagem do livro tá passando muita vergonha e eu não consigo continuar a ler pq to sentindo por ela,0
eu tô rindo de nervoso pq eu comecei isso e agr não consigo continuar,0
Eu não consigo continuar a do Baby e Daddy porque deu problema com o YouTube,0
Queria entender porque eu não consigo continuar uma conversa com literalmente ninguém???,0
qual a chance do professor responder meu email ainda hj? pq sem a resposta não consigo continuar o exercício e aí será se até o fim do dia eu já chorei? perguntas,0
Eu não consigo continuar dormindo quando  levanta..,0
beleza eu não consigo continuar o filme,0
já entendi pq não consigo continuar assistindo Vikings,0
Eu to me sentindo mais enganada q os fãs da grávida de taubaté. Tentei jogar Albion: jogo crasha no tutorial e não consigo continuar Tentei pegar twitch prime: me cobraram e não da pra conectar Tentei dar sub num canal: me cobraram e a subscription nunca chegou Ajudaluciabo,0
escrevi textinho tão lindo pra encaixar na fic bem meloso mesmo mas porra não consigo continuar ela nunca vou colocar ele lá ksksks,0
certíssima você! hahaha eu largo pq quando começa me encher eu abandono não consigo continuar,0
quando alguém me trata mal ou com arrogância eu não consigo continuar sendo a mesma com a pessoa nunca mais.,0
vei não consigo continuar consumindo qualquer coisa que seja quando descubro que o produtor da coisa é bolsominion. seja música serviço produto qualquer coisa,0
Mais dia menos dia vou ter de ir ao oftalmologista porque não posso continuar a adiar o inadiável,0
não posso continuar a comer desta maneira,0
Infelizmente não posso continuar devido à sua ignorância...,0
Desculpa não posso continuar a amizade depois disso,0
não posso continuar mentindo pra mim mesmo dizendo que vou mudar. Eu nasci no veneno tenho veneno dentro de mim eu destruo tudo que eu toco e esse é o meu legado. Não tenho nada pra mostrar do modo como eu vivi e ninguém que entrou na minha vida ganhou alguma coisa com isso.,0
enfim todo esse tempo tentando varrer tudo do meu organismo me fez chegar à conclusão de que eventualmente a minha acne vai reaparecer e eu não posso continuar arriscando o funcionamento normal do meu organismo por uma coisa que não diz nada sobre quem eu sou,0
E nesse panorama desolador que temos de achar o caminho de uma ação solidária para reerguer o Rio. Lembro de uma frase de um personagem de Samuel Beckett: não posso continuar  continuo.   ,0
Meus joelhos ficaram assim por conta do sobrepeso só que agora não posso continuar emagrecendo pq não posso fazer exercícios pesados por causa dos joelhos,0
velho minha única meta era pagar o médico pq não posso continuar adiando. isso desde janeiro. vai entrar maio e eu ainda nem mostrei meus exames e to sentindo que to ficando cada vez mais fudida,0
Eu prometo que vou acompanhar a todos os jogos da Conferência Oeste hoje. não posso continuar a cometer o pecado de não assistilos  ,0
não posso continuar negando que fazer comprar me faz bem,0
Eu tenho uma prova terça se eu for mal não posso continuar a matéria... aí é adeus 7 adeus formatura... que pressão hein,0
não posso continuar a ter estes sonhos,0
preciso procurar outro emprego pra ontem não posso continuar onde não sou valorizada.,0
Onde me viste a ofender? Estás a perder a razão meu doce! Não vou admitir uma coisa que não é verdade eu já me dei com a Mariana e sempre lhe disse alguma coisa quando passava por mim. Não é por agora não nos darmos que não posso continuar a ser educada!,0
DESCULPAS GOSTAVA MUITO DAS DUAS. HARI FOI UMA DAS PESSOAS MAIS INCRÍVEIS DENTRO DA CASA não posso continuar VOTANDO DEPOIS DISSO.  ESTAMOS CONTIGO.,0
não posso continuar assim pq se não até a entrega do tdec eu tô ferrada,0
Só sei que preciso tirar a nota máxima nesse trabalho. Julho não quero estar aqui,0
E todos nem imaginam Que no momento em que rio Eu somente penso em morte Em como finalmente morrer Nenhum deles imagina O quanto estou quebrada O quanto não quero estar aqui O quanto estou cansada ,1
A música do Corinthians pra amanhã: choram as rosasporque não quero estar aqui,0
Preso nesse mundo e não quero estar aqui,1
ser adolescente é o que exatamente ? eu não sei se isto é só drama causado pela idade ou se me deva preocupar eu não quero estar aqui so quero ir,1
não quero estar aqui  só queria ir pra minha casa com meu tommynho e minha cama,0
 Por mais que eu fosse adorar conhecêlo não quero estar aqui quando ele chegar. Posso atrapalhar.  Ele não vai pedir.  Ah coma um biscoitinho.  Ele não vai pedir  repetiu Iris mais uma vez. E então porque não pôde evitar acrescentou:  Não vai. pic.twitter.comrRsvyRaKlw,0
Se eu tivesse uma opção pra ir pra um outro lugar eu iria pq eu não quero estar aqui quando esses tiros começarem,0
não quero estar aqui só pra te fazer felixx eu quero é viveeeer ôÔô a vida do jeito que ela tem que seeeer,0
eu simplesmente odeio a minha vida não sei mais quem eu sou não quero estar aqui,1
cada dia minha auto estima cai um pouco cada dia penso em como resolver os problemas cada dia um novo dia pra pensar que não quero estar aqui mas preciso estar .,1
às vezes eu acho que não vale a pena viver . o mundo só te decepciona e te coloca pra baixo as pessoas não prestam o que a gente ganha com isso tudo afinal? qual o propósito? não vejo mais nenhum,1
Essa declaração do Whindersson me fez admirar muito mais. O cara definitivamente mostrou que não vale a pena viver de máscaras. Dinheiro fama glamour e um número alto de seguidores não são sinônimos de felicidade plena.  ,0
Eu só tento dar a visão sabe visão de quem tá quase formado já não vale a pena viver na miséria pra cursar algo que tu curte Graduação PODE ESPERAR O teu sustento não Deixo a ideia aí porque vi um pessoal falando na timeline sobre,0
... Não vale a pena uma vida tão corrida em que não se vê um espaço pra Deus. não vale a pena viver sem sentir o aconchego dos braços do Pai. não vale a pena viver ignorando esse amor inigualável. Não deixe esse amor de lado. Ame quem mais te ama.,0
Tio não vale a pena viver sem spotify,0
Tudo na vida é emprestado.. não vale a pena viver apegado!,0
A vida não vale a pena viver,1
É o seguinte: não pode deixar ninguém se meter entre você e suas paixões na vida se não  não vale a pena viver  Lúcifer,0
não vale a pena viver em um mundo onde o jovem não sabe quem é a Maryl Streep,0
Isso é verdade não vale a pena viver em um lugar que você sabe que uma hora ou outra vai acabar por falta de interesse,0
Exatamente fui nessa onda de sou desapegado e acabei me apegando no fim quem ficou sozinho foi eu não vale a pena viver a vida igual a uma micareta,0
 não vale a pena viver sonhando e se esquecer de viver  (Harry Potter),0
BOA NOITE !!! Você nunca está só A vida é uma preciosidade maravilhosa e devemos fazer de tudo para sermos felizes! Nunca diga que estás só que não vale a pena viver ... O Deus que tudo  ?utmsourceigtwittershareigshidlf9v44iczof8 ,0
Já não tenho spotify premium não vale a pena viver depois desta,0
Girei os calcanhares observandoa com certa atenção.  Sim?  Seja o que for o que o motiva a encontrar Severus lembrese que não vale a pena viver em conflito com a pessoa que apesar de tudo sempre o favoreceu em Hogwarts! A fitei por alguns segundos sorrindo em ironia,0
minha vida chegou em um ponto em q eu só quero dormir e nunca mais acordar ou simplesmente morrer,1
Queria dormir e nunca mais acordar,1
Minha mãe sempre me massacrando quando o assunto é roupa só eu sei da vontade de tomar uns remédios e nunca mais acordar  estragou completamente o meu domingo por um motivo banal,1
mt legal que já acordei com aquela vontade de nunca mais acordar,1
vontade de ir dormir e nunca mais acordar,1
não aguento mais sonhar que estou na Disney e nunca acordar na Disney,0
Me lembra de nunca mais acordar cedo no domingo pra minha mãe não vir me pedir pra ir na feira pra ela.,0
Só quero morrer na minha cama e nunca mais acordar,1
eu sou o tipo de pessoa que não deveria nunca acordar cedo,0
vontade de dormir e nunca mais acordar,1
só de lembrar o tanto de coisa que tenho que fazer quando acordar da vontade de nunca mais acordar,0
ok vou dormir e espero nunca acordar  boa noite.,1
E não há nada melhor do que amar você eu nunca vou te perder. Foi Deus que me deu você é como poder sonhar e nunca acordar .,0
Uma noite de adoração uma palavra que pegou forte. Deus fala o tempo todo. To sabendo que to fazendo tudo errado mas to bem. pq antes tarde do que nunca acordar e perceber q não posso estragar tudo por orgulho ou por capricho,0
Já estão chamando o Pacto de Migração da ONU de Pacto de Suicídio das Nações. Pacto de Migração da ONU  O Pacto de Suicídio das Nações ,0
plano de suicídio : Ir ao psiquiatra ele vai receitar remédios e com esses remédios eu tenho uma overdose. Isso está mais próximo do que nunca de acontecer.,1
Nessas horas eu fico feliz por ter um plano de suicídio,1
Meu plano de suicídio já tá pronto só falta a coragem agora ,1
a cada dia um plano de suicídio diferente,1
Vou voltar colocar meu plano de suicídio em prática,1
Já to preparado pra pular todos os stories da intro de GOT hoje à noite,0
mais do que preparado pra pular stories com áudio estourado e gente cantando,0
Aonde eu vou tem um grilo preparado pra pular em mim,0
ele ta com cara de que ta preparado pra pular numa jugular,0
Pra mim o van dijk cabeceou meio fraco e o alisson n estava preparado pra pular,0
exatamente!!! e toda vez que eu olho pra um ele parece que tá pronto pra pular em mim s,0
O Minho tá pronto pra pular no pescoço do seungmin mds pic.twitter.comE1SNfN6xTi,0
nessa aqui ele tava pronto pra pular no pescoço de alguém pic.twitter.comV9kQu03Tke,0
mais um prérelease comprado já estou pronto pra pular M20 pra economizar grana,0
Eu precisava fazer um video de quando abro a porta da caminhonete e o Luke ja esta ali pronto pra pular no meu colo.,0
pronto pra pular da ponta da terra quando não ficar no grupo final?  ,0
A beira de um abismo estou pronto pra pular . Esse abismo é Deus.,0
completamente Suzana todos sabiam que o cara estava na prancha pronto pra pular ao mar mas por birra o asno adia a demissão em uma tentativa tosca de ridicularizar a emissora e a repórterapresentadora ridículo isso,0
Bom dia meus consagrados quem ta pronto pra pular atras de trio embaixo de chuva??,0
na segunda foto ele pra pronto pra pular na minha perna mas ok,0
Se o Lucas não tivesse me segurado hoje provavelmente eu estaria na salinha de segurança do mineirão. Eu já tava em cima do vidro no 3x2 pronto pra pular no camarote.,0
Por um momento eu achei que o kauan ia bater o carro ontem eu já tava pronto pra pular,0
Película nova no celular. pronto pra pular do prédio de novo. Kkkkkkk sqn,0
pronto pra pular um brejo,0
Fui lá peguei a maior distância que podia e sai correndo em direção a pilha de cadeiras. Quando cheguei perto pronto pra pular  vem um grito de um dos amigos que estavam só assistindo a nossa idiotice:,0
o jimin ficou armadasso pronto pra pular no jin pq ele esqueceu o nome dele aloawoksskso,0
representatividade eh isto eu tava achando que era uma coitada por estar com um pezinho pronto pra pular fora porem é real,0
quase nunca relaxa sempre pronto pra pular só relaxa com golden shower,0
o fuzil do zulu cuspindo fogo pronto pra pular lá na chacrinha dnv,0
hoje tem game of thrones e galera tomem cuidado  beba água  durmam bastante  Não se estressem  evitem sair de casa pq vc não vai querer morrer no dia da estreia da última temporada de got né ?,0
gente nn eh normal querer morrer essa quantidade de vezes por dia apenas nn eh,1
Esse grupo é imbativel Helder usa seus poderes para enlouquecer o Thanos Marilia mostra valores faz ele refletir fazendo ele questionar a própria existencia e querer morrer apenas por ser quem é e o mal que está fazendo e a Rosemary kkk a Rosemary manda ele calar a boca kkkkk,0
pessoas que tem gastrite como vocês conseguem beber e não querer morrer no dia seguinte ?,0
a vontade de querer morrer é enorme,1
ontem o role serviu pra encontrar um cara que me lembrou de um dos maiores micos da minha vida relembrar eh viver e querer morrer de tanta vergonha,0
tao linda q me faz querer morrer  ,0
não eu não vou querer morrer por um time.,0
Se faz vc querer morrer é alguma coisa importante...,1
esses toquinho de bola do galo me faz querer morrer,0
se eu tiver vontade de cagar durante o ep de got eu vou querer morrer,0
Se esse juiz marcar esse pênalti vai ser o maior erro da vida dele vai querer morrer !!,0
Hoje tem game of thrones Galera tomem cuidado  beba água  durma bastante  não se extresse  evite sair de casa pq você não vai querer morrer na estreia da última temporada de got né?,0
 oi razão do meu viver e querer morrer todos os dias,0
Qnd eu começo me apegar em alguém e a pessoa some 1 segundo já é motivo p mim querer morrer chorando,0
a sua família também te faz querer morrer ? pois a minha faz questão todos dos dias de fazer com que eu me sinta assim,1
OMG ela é tão linda que me faz querer morrer . pic.twitter.comTpID6MkUEO,0
Video aulas de 40 min que me fazem querer morrer mesmo que o prof seja mto bom,0
Acho engraçado quem nunca pariu filho comparar cólica menstrual com contrações. Tô aqui tendo cólicas e não tô me retorcendo a ponto de querer morrer ...,0
Quer vê eu querer morrer é alguém me pedir comida na rua e eu não ter dinheiro,0
playlist de musica no estilo que vc curte  artistas aleatorios que vc nunca ouviu faz voce querer morrer ums 60 menos,0
sair de casa com esse celular sem bateria é pedir pra querer morrer,0
façam de tudo para não morrer hoje se possível nem saiam do quarto vc nao vai querer morrer no dia da estreia da ultima temporada de game of thrones né?,0
Me perdi no abismo e voltei Teu amor diminui minha vontade de querer morrer Teu abraço é como um terapeuta que vem socorrer Todos os medos que eu guardo mesmo sem querer,0
fui dormir achando que ia acordar ótima pra trabalhar aí meu corpo lembrou que tomei cerveja gin e rum e não tá me deixando fazer nada além de querer morrer,0
nao tomem muitos riscos durante esse proximo mes e meio bebam água olhem pros 2 lados antes de atravessar a rua vcs nao vao querer morrer bem na ULTIMA temporada,0
So nao tenho a parte de querer morrer kk  ,0
Esse é o meu Presidente!!! E para aqueles que por ventura vierem querer questionar esse post: Se eu desistir da humanidade é melhor morrer . Afinal faço parte dessa humanidade. E busco a...  ,0
E hoje tem game of thrones e galera tomem cuidado. Beba água Durmam bastante Não se estresse Evitem sair de casa pq vc não vai querer morrer no dia da estreia da última temporada de for né. ,0
pq que eu insisto em subir na balanca sabendo que eu vou querer morrer logo em seguida ??????,0
como estudar 3 apostilas de botanica sem querer morrer ? dock com,0
Imagina só eu e o Gonçalo a fazer uma música bué oposta tipo eu com uma parte bué feliz e ele a querer morrer,0
Me: LIFE IS BEAUTIFUUUL... (com toda a alma). Minha Mãe: Para de querer morrer .,0
fato dois: eu quase fiz uma tatuagem com um completo desconhecido ainda bem q eu não achei o desenho q eu queria imagina gente eu ia querer morrer,0
Parei pra pensar que a última vez que passou GOT eu tava num emprego que eu não tava gostava e a hora que passava eu já tinha que estar dormindo pra conseguir acordar sem querer morrer no dia seguinte.,0
me ensina como q faz pra não querer morrer td vez q vê o tanto de matéria atrasada da facul,0
Tudo tem limites né acho q nenhum dos meus amigos tem motivos suficientes pra odiar a vida ou querer morrer,0
hoje tem game of thrones e galera tomem cuidado  beba água  durmam bastante  Não se estressem  evitem sair de casa pq vc não vai querer morrer no dia da estreia da última temporada de got né ?,0
 vai querer morrer ?,0
O pensamento de querer morrer a qqr coisa continua,1
Sei que é egoísmo da minha parte querer isso por causa de umas pessoas que gostam de mim e precisam Mas é difícil sabe isso tudo. Esse desânimo a vontade constante de querer morrer,1
ai gente vcs tb passam pelo problema de querer fazer ação mas ao mesmo tempo morrer de preguiça pq eu sim,0
mano minha autoestima consegue fazer eu me sentir insuficiente ao ponto de querer morrer que doido,1
imagina vc nasce um peixe bochechudo nossa eu ia querer morrer,0
O centro da sua vida tem q ser vc não outra pessoa se um dia essa pessoa for embora e vc ficar na merda ao ponto de querer morrer .. a culpa vai ser somente sua por ter colocada ela no centro da sua vida.,0
Queria poder tomar café pra mandar o sono pra Pqp. Mas infelizmente se eu tomar dois goles de café que seja vou ter uma enxaqueca dos infernos a ponto de querer morrer .,0
Hoje tem Game of Thrones e galera tomem cuidado:  beba água  durmam bastante  Não se estressem  evitem sair de casa pois tu não vai querer morrer no dia da estréia da última temporada de GoT né?,0
CARALHO ACHO QUE APAGUEI SEM QUERER MEU FIXADO DE DRAMASSSSSSS EU VOU MORRER,0
eu falo uma coisa pra vcs. vcs podem até sofrer por alguns meses querer morrer  achar q eh o fim MAS NAO EH eu juro q não eh,0
Eu juro que só queria entender pq diaxo eu tenho tudo que sempre quis na vida e to triste a ponto de querer morrer,1
Não creio que tô numa fase em que não posso comer nada e nem de beber nada que meu estômago já começa a querer morrer VOU VIVER DE AR AGORA ? Da licença pic.twitter.com3YJ2BoG7oP,0
hoje tem game of thrones e galera tomem cuidado  beba água  durmam bastante  Não se estressem  evitem sair de casa pq vc não vai querer morrer no dia da estreia da última temporada de got né ?,0
Você tem o dia todo para morrer de tocir mas isso só vai querer acontecer na hora que for dormir,0
Um dia eu ia ganhar mas eu descobri sem querer  ,0
Eu não tenho motivo nenhum para estar mal não tenho motivo para estar triste querer sumir me cortar ou morrer  mas eu não consigo estar bem,1
amiga vc eh LINDA demais mesmo e o incrível eh q vc não eh só linda por fora vc eh TÃO LINDA por dentro q me faz querer morrer PORRA Q MULHER PERFEITA CARALHO,0
Só tem horas que eu quero morrer,1
N vou ver o novo episódio pois estou sem HBO quero morrer,0
Passei uma vida inteira usando óculos de sol comprado em camelô. Resolvi me cuidar. Gastei horrores num óculos bom. Menos de um mês de uso. Coloquei eles no bolso de trás da calça e sentei em cima. Eu quero morrer .,0
quero morrer amigo dessa galera. pic.twitter.comq9On4Cw5Yx,0
quero morrer sinceramente,1
eu quero morrer,1
socorro miga eu não quero morrer antes de ver o fim de got avengers e star wars,0
Eu quero morrer com essa prova de patologia meu deus q tanto de matéria eu não aguento mais,0
Ai sabe acabei de pagar 75 conto num gás eu quero morrer,0
eu só quero morrer eu odeio meu pai bixo,1
caralho eu não aguento mais eu só quero morrer,1
Atualmente eu estou entre: quero morrer Quero viver Quero me suicidar Quero deixar de apenas existir Quero literalmente me jogar na frente de um carro Quero viver uma aventura,1
EU NAO quero morrer VIRGEM,0
Cara tô apavorada parei de tomar mês passado e ainda não desceu cara quero morrer eu me cuido mas pqp tô desesperada kkkkkkkkkkkkkkkk dizem q esse ano eh da fertilidade,0
EU PASSEI A GANDOLA E A MAE DEIXOU CAIR NO CHÃO eu quero morrer,0
Eu gasto 40 minutos para chegar no trabalho e já quero morrer . Deus me livre 1h30 kkkk,0
falei q ia ver o jogo domingo meu pai surtou kkkkkkkk perguntou se eu quero morrer ainda mais sendo final,0
Gente eu quero morrer perdi TODAS as minhas músicas do Skillet TODAS eu tô até com a pressão baixa,0
mano muito chato quero morrer não passo da cena do beijo enquanto a motorista vai embora,0
vou fazer trabalho sozinha de história quero morrer pic.twitter.comJEF4WA85V6,0
EU quero morrer,1
quero morrer fudendo melhor morte kk,0
eu tô tão cansadatão cansada quero morrer,1
eu só quero morrer mano eu já vivo afundada na culpa pensando que eu sou uma bosta por causa do meu pai e tu chega com uma dessa,1
Eu não quero morrer não tá maluco?,0
quero chorar até morrer só de pensar nesses trabalhos,0
e aí eu me sinto a pior pessoa do mundo e só quero morrer,1
não gosto mais de viver e sei lá só quero morrer  mas a única coisa que sinto que tenho controle é desativar essa conta então eh isto,1
eu quero morrer,1
Quero muito que seja ela mas ela vai morrer :(,0
Amanha tem simulado do enem e eu quero morrer,0
mais da metade do meu dia eu quero desistir de tudo e morrer,1
sou uma porca gorda nojenta que não merece nada NAO MERECE NADA PORRRA quero morrer,1
quero morrer,1
Eu posso morrer de amores pela pessoa mas se eu botar na cabeça que não quero mais não adianta. Antes de ser por nós é eu por mim.,0
ai quero morrer,1
gente eu quero morrer sério me odeio dms,1
na vida so sei uma coisa: nao quero morrer  quero me matar nao quero ser vencida e sim vencer obg,1
quero morrer,1
Meus pais vão me forçar a ver GoT dublado eu quero morrer,0
Mano eu sem dúvida paro se quer matar algum stark mata a sansa só fui gostar dela nas últimas temp não q eu quero q ela morra mas se é pra morrer né mata ela,0
hbo go travando e eu só quero morrer,0
Aaaaaaaaaaaaa Eu quero morrer com esse vídeo Eu tô apaixonadaaaaaaaa Aaaaa Aaaaaaaaaaa Aaaaáaaaaaaaaaaaa pic.twitter.comXTjCyha2aK,0
eu quero morrer com essa azia,0
Só queria fechar os olhos e essa bosta toda acabar mas quando acordo isso continua e continua e amanhã é segunda e quero morrer .,1
Ainda são 20h da noite e a HBO GO já está com problemas técnicos eu quero morrer,0
Oh meu amor meu amoooor escuta o que eu vou dizeeeer eu quero muito te amaaaar ESTAR CONTIGO ATÉ MORRER !   pic.twitter.comBPWTsdaOBu,0
EU quero morrer,1
Cara quero morrer,1
Caralho que paradoxo: vc quer apanhar até morrer e por isso eu quero te baterate te matar mas nao posso pq nao quero que vc morra CARALHO,0
ai quero morrer,1
EU SÓ quero morrer,1
Quero descobrir de que vou morrer marcando que tipo de suco eu beberia,0
eu tb não quero mas ele vai morrer,0
QUE BOSTA ACABEI TOMAR UM SPOILER DO EP DE HJ EU quero morrer,0
EU LA QUERO BOLAO P VER QM VAI FICAR VIVO OU QM VAI MORRER NESSA TEMPORADA DE GOT EU SO QUERO ASSISTIR O EPISÓDIO DE HJ SO,0
tão dizendo que vazou GOT eu já recebi um suposto spoiler mds eu quero morrer tyrion naaaaaaao pic.twitter.comdCLVPvPMls,0
EU SÓ quero morrer,1
Passando pra lembrar que nao quero ninguém chorando quando eu morrer kralho toquem o frevo que eu nunca toquei,1
Eu quero morrer,1
Eu só quero morrer,1
Eu me sinto imortal pq eu quero morrer e eu sei que não vou morrer tão cedo. Então to sempre 100 nem aí.. única coisa q eu faço é tomar cuidado pra evitar mais sofrimento.,0
estou dividido entre quem eu acho que vai morrer e quem quero que morra  pic.twitter.com5fU4sPvQiW,0
tô as últimas 4hrs estudando sem parar e me deu dor de cabeça decidi fazer uma pausa e minha vizinha tbm decidiu cantar let it go aos berros não sei se quero morrer ou matar a criança,0
Okay. Vou assistir a grande estreia de GOT. Quero ver quem vai morrer nessa bagaça dos Sete Reinos.,0
eu quero morrer,1
se a arya morrer eu desisto mano. é uma boa essa certo que um deles faria isso pela arya tb (msm que ela consiga se virar sozinha) MAS N QUERO Q NGM MORRA vo chorar demais já to prevendo,0
quero ela e a dany viva mano pra mim tinha q morrer o jon snow aquele tapado kkkkkkk,0
falei ela é super fofa elogiou minha roupa e meu cabelo eu quero morrer to me tremendo há 40 minutos,0
ai eu quero morrer,1
 olá ines quero te,0
a maior cadelinha do cal que conheço quero muito interagir mais (vou me meter nos seus tweets sim) seu fc é lindo de morrer  ama rainha vermelha então já tá no meu coração você é muito um amor,0
eu nao quero falar com ninguém caralho inferno nem com meus pais eu quero morrer caralho me deixa quieta caralho,1
eu quero morrer toda semana que tem caso marília ai lembro que preciso do ponto extra e vou pra aula rezando pra deus me proteger da sara,0
Eu quero tanto morrer mas não quero que minha mãe chore,1
eu lembro das coisas e só quero morrer de vergonha sério q micoooooo,0
Quero só ver quem vai morrer hoje,0
pq ele é um babaca toda hora que ele aparece eu quero morrer de tão chato que ele é,0
se caso algum dia dps de morrer nessa vida eu volte a esse planeta terra quero voltar lá pra 2100 kkk,0
afasta te de mim não quero morrer jovem ahaha,0
Se a Daenerys morrer mano eu paro de ver a série e hora e nunca mais vejo é tchau e bença e acho bom o Gorge RR Martin fazer um final diferente da série viu meu bem quero Dany vivíssima governando westeros.,0
as vezes parece que eu preciso de companhia e nas outras vezes parece que eu só quero morrer,1
Ahh fodase vou pular pro tal do Casamento Vermelho porque quero ver o Joffrey morrer . Moleque irritante do cacete!,0
OMG MELHOROU MEU DIA HSHSJHDBDJD AAAAAAA  ,0
a voz do suren quero morrer,0
sinto uma vontade enorme de viver tipo eu fico pensando e o mundo eh tão grande mano tem tanta coisa pra conhecer tanto lugar pra ir n quero morrer conhecendo só o lugar onde eu nasci da vontade de fazer um mochilao e sair por aí sem rumo,0
terceira semana seguida com prova praticamente todos os dias eu quero morrer,0
semana q vem tenho prova de economia e tudo q eu quero é morrer,0
quero morrer só isso,1
vamofude  quero morrer virgem  ,0
sua opinião eh igual eu ninguém quer amor,0
Eu não quero o mal de ninguém mas enquanto o luladrao não morrer não vai ter paz no nosso Brasil.,0
gabriel eu sou muito burra eu quero morrer,1
eu quero morrer por fora o tanto que eu to morrendo por dentro eu só quero que toda esse dor passe,1
tava irritada e vi a foto do dylan com o tyler fiquei feliz agora quero morrer de novo,0
eu quero morrer,1
samwell não pode morrer  quero ele vivendo com o little sam e a gilly PELO AMOR DE DEUS ,0
eu nao aguento mais esse vazio no meu coração só quero morrer velho,1
Eu quero ver a Dee Dee morrer carai,0
Pessoal chega a ser triste. Como quero chegar aos 100 anos vou abandonar para não morrer antes.,0
Jon snow e Daenerys um dos 2 vai morrer porém não quero nem pensar na possibilidade,0
Parabéns pra mim que não vou ver o 1 episódio de GOT!!!!!!!!!! quero morrer ! :),0
eu só quero morrer  que bosta,1
Negócio de morrer todo mundo... quero Jon do trono de ferro,0
Irraaaa eu quero,0
sim ganhar dinheiro ficar rico enfim quero um futuro melhor não quero morrer assimm,0
Cara eu quero morrer,1
quero morrer,1
eu sou mt otaria quando a pessoa me quer eu n quero ver a pessoa nem pintada de ouro e quando a pessoa n quer parece q eu vou morrer de amores,0
eu quero um namorado,0
comi pizza ontem e hoje quero morrer ??,0
Se existe jogo melhor no mundo não me mostrem porque quero morrer com essa alegria no peito pic.twitter.comY0UvcBoYLp,0
A morte que bate em minha porta Onde se alegra em me ver suicida  Muitos culpam o passado Que apenas ensina lições de vida. Apesar da longa vida sofrida... Deus há de me perdoar pelos pecados Que fizeramme ter recaídas Me deixando sem vitórias Com a noite fria em abundância..,1
É como a classe média pedido pra baixar o imposto do rico só que um pouco mais suicida ...ou: nazismo inclusivo?  ,0
Simmmm!!! Como ninguém coloca isso na lista de expectativas. To agoniada que acabei de ver a cena que ela vê ele pelado pós missão suicida,0
Não discordo de nada não precisava fazer uma missão suicida pra pegar um wrigt mas a corrente foi ridícula demais,0
A única solução é acabar com a minha vida e e isso que vou fazer adeus.,1
Nossa senhora como eu odeio esse episódio de got do esquadrão suicida,0
O assédio de Gentili levou uma boa samaritana a ter que se mudar de cidade e desenvolver ideação suicida . Nada relacionado com propriedade. Então houve crime?,0
De acordo com  já podemos consider o povo suicida .,0
Revendo a última temporada de  e pensando aqui: foi realmente muito suicida essa ida do  para além da muralha para pegar um  ... meu deus do ceu,0
pq esquadrão suicida é tão bom e tão ruim ao mesmo tempo?,0
to só o pikachu suicida hoje  ,0
Tive uma experiência sinistra hoje. Entrei numa postagem do  falando do Paulo Freire e um esquerdinha começou falar lá.. entrei no perfil e tava escrito que o cara era bipolar e potencial suicida . Todas as minhas respostas foram: liga no CVV 188.,0
Assistindo o esquadrão suicida indo pra além da muralha atrás dos vagantes pela milésima vez,0
Até lutou além da muralha junto do esquadrão suicida de Westeros,0
A coisa mais sem noção q rolou em Got foi o Jon reunir uma equipe e ir além da muralha pegar um walker. Por causa disso perderam vários soldados e um dragão pro Rei da Noite. Foi o verdadeiro esquadrão suicida .,0
Pessoa que namora com BolsoNazi é suicida ! !,0
Viola Davis no papel de Amanda Waller foi um dos maiores e raros acertos de esquadrão suicida,0
Harry Potter e as relíquias da morte parte 2 Esquadrão suicida Malévola O diabo veste Prada Invocação do mal  ,0
Você nasceu com esse problema ou adquiriu ele com a vida? Burrice que fala? A cada postagem um neurônio suicida kkkkkkkkkkkkkkk,0
ba vi nego gritando que é da facção tal e fazendo um barulho no baile e nem mora em favela kkkkk suicida,0
Maxi López peça demissão rescinde o contrato fique doente se suicida  mas pelo amor de Deus sai do meu ,0
O que mais irrita é que o Corinthians já jogou melhor do que isso não faz muito tempo 3 semanas. De repente é só essa retranca meio suicida . Não arma não ataca e ainda sofre um monte de chute perigoso no gol,0
Harry Potter Avalon Millennium O senhor dos anéis Trono de vidro Mago Corte de rosas e espinhos Biografia de Alan Kardec Memórias de um suicida O segredo do anel(O legado de Maria Madalene)  ,0
Amg e a missao suicida dele na batalha dos bastardos que ele levou todo mundo pra morrer ali foi um odio viu ramsen pq n matou logo aquele merda,0
Alcolumbre conhece as cores do seu dilema:cartão vermelho para Mendes ou bilhete azul para si mesmo.O senador é jovem tem aspirações politicas e nunca demonstrou tendência  suicida . Acompanhará Gilmar até a beira do abismo. Dai pra frenteMendes terá de negociar com Einstein..,0
sempre que estou revendo a sétima temporada de  e chega no episódio 5 me uma vontade de pular ele e o 6 de tanta vergonha alheia do roteiroplano suicida do tyrion,0
Eu lembro tanto dele cantando aquela perereca suicida ela pica ela bate kk aponta pra mim q eu te mato te mato de amor e te sufoco num abraço kk KAYSAR NO DOMINGÃO,0
É porque quando um adm faz uma tag sozinho ele absorve a energia de todas as pessoas que eles prevêem! E nessa tag e na outra eu sempre fiz sozinho. Se uma pessoa tem uma energia suicida e depressiva é pior ainda mds. Mas estou bem graças a Deus ,0
Ja penso tudo isso pra no final thanos ser suicida ?,0
2014 a perereca era suicida  2019 a perereca é saltitante,0
Não é comportamento repetido. É tão fora do personagem para Stefan que ele literalmente se torna suicida por causa disso pic.twitter.commNEcjBb6Jc,0
Talvez Só talvez eu esteja com raiva por você chamar meu bb de velho suicida  ,0
Concordo! Quem aceitaria um convite do inimigo declarado para visita? Só um louco suicida . A Globo vai cair.   ,0
Esquema bem suicida de Cuca na ausência de um dos nossos melhores jogadores.  claramente perdendo o meio de campo para o adversário,0
SP suicida é o que vc acha? E sobre o Corinthians como sempre mais retranqueiro... Né?,0
Eu acho essa esclação do SP meio suicida os caras jogam com três volantesnós jogaremos com apenas umtinha q ter colocado alguém por alié muito atacanteseja o q Deus quisermas essa lesão do Liziero da um desanimo monstromoleque estava jogando muito,0
E o  me chamou de suicida com esse meio de campo na live kkkkkkkk,0
suicida é teu comentário. Zicando desde jogo do palmeiras. Pior tipo de torcedor!,0
Sem Liziero Cuca arma o time de forma suicida ??? Saberemos logo mais.  ,0
Não adote aquele esquema tático suicida de segunda feira pelo amor de Deus. VAI CORINTHIANS que São Jorge nos abençoe.,0
Kkkkkkkk não sou suicida ta? Juro,0
é sim o psicopata mata o suicida e o suicida gosta pq quer morrer  ,0
esquadrão suicida é bem masomenos mas não chega a ser ruim pra caralhokkkk  ,0
GOMORRAA: Triunfo do Anjo suicida  MC by Gomorraa  ,0
assistindo Esquadrão suicida em Parque Oratório  ,0
Sarri joga pra se defender  covarde nao quis atacar Sarri joga pra frente  suicida tinha que se defender Voces tem que assumir que só se importam com o resultado e não importa o que se faça desde que termine com vitória senao vira oportunismo.,0
tô revendo o primeiro episódio de crazy ex girlfriend e gente todos os sinais de que rebeca é bordeline e potencialmente suicida estavam lá. eu amo uma série com roteiro bem amarrado.,0
Brotei aqui no Atacadão rapidinho busquei o combo suicida pra ver esse jogo do mengao,0
T6 ep 10 é o melhor de GOT A cersei mata os pardais O puto suicida se E a arya mata os frey,0
Bom dia Fabiana! Não sei se o rapaz é exibicionista ou suicida !,0
É vc amiga UmA gARotA suicida,0
Peixe suicida,0
eu vendo um posttweet com piada autodepreciativa depressiva suicida : KKKKKKKKKKKKKK vo marca a beatriz,0
Comentei sobre Paulo Freire na postagem do  e as pessoas que responderam são todas doentes. Um deles na descrição do perfil diz que é potencial suicida . Eu já não gosto de dar moral pra esquerdista mas imagina o cara se mata. Eu mandei ligar no CVV. Ficou bravo.,0
ninguém: garotas de 12 anos: CUIDADO HEIN SOU PSICOPATA CHEGA PERTO DO MEU NAMORADO QUE EU TE GARANTO QUE PIRANHA VOA ELE EH SO MEU PIRANHA O AMOR DE UM PSICOPATA E DE UM suicida EH O MAIS BONITO QUE HA ELE MATARIA POR ELA E ELA MORRERIA POR ELE,0
O chinelo é suicida  misericórdia sorte que se não foi junto com ele,0
o maior medo da minha mãe é que eu cometa suicídio o meu maior medo é que ela cometa suicídio,1
A tal do suposto suicídio  da suposta ativista também.,0
Bam na 4 é suicídio . Ainda acredito nele mas na 5 obviamente. A temporada que vem é chave pra ele.,0
Sinceramente? Pensei em suicídio umas 2362837x só esse ano e nunca deixei de ver isso c uma opção,1
Chile: capitalização da Previdência faz idosos morrerem trabalhando e suicídio bater recorde O regime de capitalização da Previdência no Chile obriga os aposentados a seguirem trabalhando muitas vezes até morrer.  ,0
Aí eu me lembro de tudo que já me disseram e com eles o pensamento de suicídio tbm,1
Me arrependo de ter falhado na minha primeira tentativa de suicídio,1
eu não aguento mais passar minhas noites pensando em suicídio,1
namorar com o renan é suicídio  dois idiotas juntos cara,0
A cada dia que passa paro de temer o suicídio e vejo uma esperança,1
suicídio é a única saída,1
Procura se a forma mais fácil de cometer suicídio,1
o suicídio é a solução,1
É bem melhor pensar em suicídio em casa do que em qualquer outro lugar.,1
O suicídio é a última opção. E olha que ironia... As opções estão se esgotando .,1
 Ofélia de John Everett Millais a morte de Ofélia suicídio por afogamento foi retratada por muitos pintores especialmente durante os séculos XVIII e XIX. a determinação de Millais era tamanha em reproduzir os detalhes que chegou a pintar com uma lupa.  pic.twitter.com7juQZSMPnx,0
Estou CHOCADO. Lembro do caso. Roberto Cabrini investiga suicídio de Victor Reder no   ,0
Vc realmente perdeu a chance de fazer história positivamente preferiu o seu próprio suicídio político. Não esqueceremos de vc,0
Péssima dica mas se nada der certo não vou considerar msm assim  ao suicídio shaushau,0
Queria ter morrido na primeira vez que tentei suicídio .,1
Tentando terminar a WL sem praticar suicídio no FIFA19 live at ,0
Ótimo. Aqui de 64 em diante matavam jornalistas e diziam que foi suicídio,0
Se Bolsonaro proibisse o suicídio  eu ia pegar pipoca uma cadeirinha e assistir tranquila o suicídio em massa do povo do contra.,0
Eu ainda estou lutandoaos 34 anos de vida eu descobri o sentido de minha vida    ! Ele viveu o inferno do holocausto mesmo preso ele conseguiu encontrar o sentido da vida e salvou vários amigos da depressão e do suicídio .  NvuWk ,0
esse ano o suicídio vem,1
Já vi miga mas não indico eu achei péssima a forma que a Netflix abordou esse tema massacre a Netflix não faz série boa em temas de suicídio massacreestupro,0
Mano não brinquem com assunto sobre suicídio comigo não sério. É um problema muito sério que precisamos ajudar . Não diz que vai ligar pro 190 pra avisar pensou que queria me matar liga pro 188 e ajuda preservar vidas. Valeu grato.,0
Acho que nunca tinha sentido a vontade de suicídio diário até chegar a universidade,1
a série aborda temas como depressão bipolaridade suicídio  racismo homossexualidade transexualidade alcoolismo abandono parental agorafobia gravidez na adolescência machismo e abuso de drogas da forma mais CONSCIENTE possível,0
A violência travestida faz seu trottoir Trottoirpasseio Mt bom critica social foda e suicídio Tudo que ele tinha cabia no bolso da jaqueta A vida quando acaba cabe em qualquer lugar,0
Prevenção de suicídio : 188 0800 273 8255 0800 290 0024 Se pelo menos 10 pessoas derem RT já ajuda é muito importante.,0
mó vontade de cometer um suicídio,1
Luísa foi tentar me explicar matemática quase que a gente faz um suicídio coletivo kkkkkk pq n tava dando pic.twitter.comIoMb3nDlvz,0
Lysa fica com cíumes da Sansa com Mindinho e tenta jogar a garota pela porta da lua mas por fim acaba sendo jogada de lá pelo próprio e eles dizem que foi suicídio .   pic.twitter.comRmhCouUvfs,0
E um caso dos animadores de estúdio de anime que um funcionário era obrigado a trabalhar além do necessário... até desmaiou no trabalho... isso coopera para os índices de suicídio aumentarem tanto no país porque a maioria não aguenta pressão assim...,0
Deixo aqui um desabafo grande: Desde 090518 penso em suicídio  todos os dias acordo e a vontade vem. Porque ainda não fiz isso? Penso na minha mãe e desisto. A dor de perder dois filhos me atormenta muito e hoje ela se triplicou...,1
Garoto mais foda... Me tirou da depressão e da tentativa de suicídio quando esfregou a carta no saco...quanto vi percebi que o Brasil tinha jeito!!! Parabéns jovem! Sou seu fã! kkkkkkkkkkkkk,0
Eh hj q eu quebro a cara da minha mãe ou cometo suicídio,1
Índio brasileiro é tudo merda comparando com índio americano. O índio brasileiro foi escravizado e cometeu suicídio pra acabar com o sofrimento. O índio americano foi escravizado e meteu porrada em geral. Já que vai morrer morre causando.,0
conheço sim mas bem pouco. é sobre oq? pretendo assistir já q confio no seu bom gosto  assiste por favor é sobre uma moça que vê a outra cometendo suicídio e como elas são idênticas ela resolve assumir a vida dela é a minha vi  ,0
sina deinert  já tentou suicídio  frequentava a casa sa vítima periodicamente  religiosa  atua nas peças da escola pic.twitter.comkZnpuhsTcP,0
Adolescente tenta suicídio após professor pegar celular  ,0
ela iria o negligenciar até que ele desenvolvesse depressão depois recomendaria o suicídio como cura  ,0
Ah teve o momento Não aguento mais essa merda aí eu tentei suicídio e falhei miseravermente,1
do nada veio um mood de raiva e suicídio,1
já tem 7 anos q ele cometeu suicídio,0
CARXJLHO EU FUI OLHAR A FOTO DE PERFIL D EUMA MENINA QUE EU NÃO FALO A MUITO TEMPO E LIGUEI PRA ELA SEM QUERER MEU DEUS EU QUERO MORRER,0
EU QUERO MORRER PUTA QUE PARIU ,1
"NÃO, NÃO CONSEGUE!!! PELO AMOR DE DEUS TÃO QUERENDO ME MATAR",0
" E a vacina para os professores e demais funcionários que manterão a escola aberta?

Atitude suicida!",0
"outro técnico é o Tarcísio, que riu junto com o Bolsonaro do suposto aumento das taxas de suicídio ",0
PC DE CUUUUU FILHO DA PUTA DESGRAÇADO ARROMBADO E TUDO DE RUIM AAAAAAAAAAAA EU QUERO MORRER,0
Quero morrer,1
"Na fala, ele também atacou a saúde pública kkkkk Não sei quanto a vocês. Mais é muito bom ver esses anencefálicos cometendo suicídio pela boca todos os dias. Ainda mais com essa CPI aí com o Renan espumando toda vez que fala do tema.",0
pq a minha tml só tem o namjoon? vcs querem me matar de tristeza???,0
 vou me matar então,1
" VSF BBK KKKKMMMKK suicida nao, apenas burra",0
 viado o bicho quis me matar vo xingar ate a mae dele,0
Comecei dois animes novos e esqueci completamente de bnha Kdkddkdkdkdk minha amiga vai me matar,0
 sério dangelo a um passo de me matar,1
 vc ri de suicídio?,0
 Suicídio,1
acabei precious minha vida não tem mais sentido quero morrer,1
" se for p me matar posta logo

RITA CASTILLO IS COMING",0
vou me matar ,1
permissão pra me matar ,1
Q vontade de me matar,1
quero morrer,1
 Eu to entrando em uma puta crise existencial quero morrer,1
Meu teclado poliglota quer me matar,0
"Véi, essa oscilação de temperatura na primavera vai me matar de rinite pqp",0
ai eu quero morrer,1
"to triste, quero morrer",1
tão mal ao ponto de cometer suicidio,1
"Mais uma grande perda na dublagem brasileira 

Iara Riça foi a primeira voz brasileira da Alerquina, em Batman: A série animada, e no filme Esquadrão Suicida.

A dubladora havia sofrido um aneurisma,foi operada, mas infelizmente teve morte celebral.

Descanse em paz. ",0
 Você quer me matar de ansiedade né? KKKKKKKKKK só pq estou com mt saudade e marcamos nosso role,0
meu orientador vai me matar? muito que provavelmente,0
"Se o Arthur de candulu ou sei lá como ele é chamado, não sair hj, eu não sei oq faço da minha vida (Obs: Tô pensando em suicídio)

Se a Camilla ELES NAMORAM Euliette Adnet tikki Camilla de Lucas Mercado Livre ",0
" Infelizmente Felipe ficou marcado negativamente por dois jogos (sendo que um foi culpa do esquema suicida de Abel Braga no segundo jogo da final da CdB de 2004, onde poderia jogar pelo 0 a 0 ou 1 a 1) e o jogo contra o Cruzeiro quando jogou a camisa após fazer o gol.",0
" ele toda hora n surta? tem nem condicões, mandei ela tomar no cu e fui expulso, ainda bem q hj a minha familia super me aceita, mas ate em suicidio pensei .",1
"o vicediretor da minha escola fez uma reunião com todos os alunos, e um mlk chamou ele de boiola quero morrer",0
Acabei de concluir que não adianta me matar fazendo conteúdos BONS todos os dias pq por mais q eu me mate o logaritmo só entrega Qnd tá afim... então chora BB,0
Alguma mulher com coxao pra me matar sufocada   ?      Eu pago ! ,0
 quero morrer,1
as cores novas da pista de bikecaminhada do parque alvorada acabaram de me MATAR,0
"as vezes eu me pergunto como a viu tube conseguiu cuspir na boca de um gato 

tipo assim 
já é nojento e da ódio 
mas eu ainda me pergunto como 

eu faço carinho nas minhas gatas e elas já querem me matar",0
 bell nao aguento mais quero morrer,1
"toda vez que aparece o Dudu eu quero me matar e quando é o tato eu quero que morra

",0
Quero morrer,1
"Minha terapeuta me perguntou oque eu quero pro meu futuro
Quase respondi suicídio",1
"Perversos patetas
Se não fosse o vaidoso governador Doria, se quer teríamos essa vacina, que por sinal é a mais usa por aqui... e vocês querem destruir isso...
Vcs só corroboram a minha teoria que o bolsonarismo é uma seita que prega o suicídio coletivo.
",0
cara chatoo!! A aula nem começou e quero morrer! Ainda vai passar um trabalhinho e provável que seja pro tempo livre.. meu anjo?? Quem tem tempo livre nesse lugar??,0
"fodase daqui a pouco tem Real Madrid pra me matar do coração  
",0
Preciso dizer q eu ODEIO ouvir musica de gnt q ja morreu. Acho mt bad vibe. Chorao eu ja achava deprimente mas dps q ele morreu a musica ficou quase um hino suicida. Vcs tb sao assim?,0
"Eu falei que o segredo era usar o esquadrão suicida. Já temos Lula e Renan em campo, falta o Cunha ",0
 diga nao ao suicídio,0
eu só quero morrer,1
 Henrique como assim tu n tá em primeiro lugar ?? a vou me matar,0
"A dubladora Iara Riça infelizmente veio a falecer nesta terça feira no dia 27 de abril. Na DC ela era conhecida por dublar nossa querida Arlequina em várias animações e no filme do Esquadrão Suicida. 

Nossos pêsames para os familiares e amigos da dubladora. ",0
eu quero morrer,1
Eu tô me sentindo feio quero morrer,1
"Depois eu fui na faculdade e tinha um bandido atrás de mim.  Eu falando com a advogado eu disse querem me deixar virgem. O bandido escutou .Depois pronto ! 
Quem estava escutando com minha irmã queria que eu voltasse para algum lugar . pois queriam me matar .",0
Tanta coisa pra fazer hoje e a cólica vem pra me matar derrubar e humilhar,0
"Eu andando na barra com Rhana

O velho conversando na rua:
Ela ficava ameaçando me matar, aí eu fui lá e matei ela

Eu e Rhana se olhando:",0
"tava fazendo a atividade e copiei uma questão todinha errada 

GENTE EU QUERO MORRER DEPOIS DISSO",0
odeio odeio odeio a minha vida... que vontade de tomar a cartela de calmante pra dormir pra sempre,1
"Em entrevista para a revista Total Film, Margot Robbie falou sobre interpretar a Harley Quinn na visão de um novo diretor. Confira: ",0
Lrt   EU VO ME MATAR,1
vou me matar ,1
"Quer me matar é  fazer as coisas de má  vontade, caralho é  só  falar que não vai  fazer",0
minha nossa imagiba amanhã então meu deus quero me matar,1
vão querer me matar com essa comparação (ou não),0
Quero morrer,1
"Eu quero morrer mano, eu sou mto burra!!!!!",1
vou me matar ,1
meus pensamentos tipo um evento astronômico... cometa suicídio,1
quero morrer toda que eu abro a camera frontal sou tao feia adeus,1
"pensei que o dia de hoje ia ser bom, nem 16h ainda e já quero morrer",1
"    Senador americano q cometeu suicidio ao vivo, após assumir corrupção na sua gestão",0
"Voltei pra dieta, voltei a me hidratar e minha mae ta pra me matar na academia, fé que vai da certo",0
 vou me matar,1
eu to tentando nao me matar para de fazer eu me sentir inutil e ter medo dr vc,1
fazia tempo que eu não queria me matar assim,1
ódio vou me matar,1
Essa OAB vai me matar,0
Ele falou que eu sou fofinha eu quero morrer,0
" Greys anatomy (série)  nela são abordados vários temas, como por exemplo: estresse pós traumático, aborto, tentativa de suicídio, racismo, violência contra a mulher, vício em drogas, alcoolismo, depressão e esquizofrenia.",0
"querido diario:
quebrei a perna do meu óculos, acho que minha mãe vai me matar",0
 QUE ÓDIO CADA UM NA CONTA DO OUTRO VCS QUEREM ME MATAR????????,0
"boatos que vai ter spin off de himym, vão estragar a série quero morrer",0
"Ei irmão me diz como vc tá, à sdd ainda Vai me matar  ",0
E não é que esqueci de almoçar de novo? minha mãe se fica sabendo vem aqui só pra me matar (depois de me alimentar),0
9 reais um sorvete meu pai vai me matar,0
" ai enquanto ele ficava o tempo todo chamando as pessoas pra sair pq se ficasse sozinho ia ser perigoso a menina tentou suicidio 2 vezes 

se não fosse o autodiagnóstico dele talvez ela pudesse ter descoberto a dela e teria evitado a situação",0
"desisti, vou tentar suicídio",1
queria tanto ter coragem de me matar serio eu nao quero mais ser eu nao,1
"tem um cara novo na redação q é A CARA de alguém, e eu tô a um tempão tentando ver qual é o famoso q ele lembra 

e só agora me toquei q ele deve 100 estar pensando pq q essa maluca tá me encarando mn?? vai me matar??",0
"Os sete maridos de evelyn hugo spoilers
.
.
.
Célia vai me matar de chorar ",0
eu me odeio quero morrer odeio minha vida,1
eu quero morrer.,1
 nao...eu geralmente parava pra pensar em como eu poderia me matar ou pensando em chegar em casa pra deitar ou ficava pensando daqui a uns 20 anos eu ganhando bem viajando,1
" idc, a minha carta de suicídio vai ser dedicada a ti agora",1
vim em n.i so p ver o preço do perfume aiai vo me matar,0
Meu deus o bravo vai me matar do coração ainda,0
" PELO AMOR DE DEUS, vc quer me matar???? 
Cara mas esse barry allen é um grande lindão ein, to ansiosa pra ver ele na 7 temp",0
 Nao amiga sinceramente viu vo me matar,1
 Nasceu não kakakkaka o médico quer me matar do coração ,0
Meu Deus eu quero morrer ,1
hj faz um ano q eu fui liberada do hospital dps t tentar me matar,1
"q dia bom, adoro a minha vida
abro o cs e jogo 5 minutos
quero morrer",0
Eu quero me matar de tanta vergonha,1
descobri tanta coisa hoje sobre aquelas porra que me difamaram no EM que to tendo um ataque de panico quero me matar,1
vou me matar ,1
Tô estranhando meu cabelo... Ele tá bonito por vários dias consecutivos kKkKkk isso é muito suspeito... Acho que ele vai tentar me matar kkkkkkkk,0
"O som do dia: I Have a Love, de For Those I Love 

Suicídio é um assunto complexo, e a maior virtude desse disco é lidar com essa complexidade de um jeito poético.  ",0
"agora tá tocando skank  dois rios

quer me matar, só pode",0
 Vamo suicídio coletivo,1
" Ai quero me matar hoje, minha lua no cu de jupiter que deixa assim",1
nao é suicídio se eu comer a filha do agiota,0
Eu quero morrer pq eu tô chorando por essa???? Ela tá fodase pra mim,1
Segunda vez seguida q eu bato ponto na hora errada meu deus meu chefe vai me matar socorro,0
essa alergia ainda vai me matar,0
"indo pra escola fiquei depressiva, n indo pra escola virei suicida ",1
EU VOU ME MATAR EU VOU CARA EU VOU ,1
" eu também sou, devo tentar suicidio? ",1
simulado amanhã eu quero MORRER,0
 socorro jae vou me matar,1
 Em suicídio,1
"  Li Soojin pela barra de notificação com o cu na mão, aí eu vi que era a Soojin do Weeekly, QUER ME MATAR PORTAL?",0
"Descanse em paz, Iara Riça!

Briggs acabou confirmando que Iara não resistiu ao aneurisma e teve morte cerebral após vários dias no hospital em coma 

Iara foi a dubladora da Arlequina por 20 anos, inclusive dublou em Esquadrão Suicida.

Toda força aos familiares e colegas  ",0
MEU CHAESOO EU QUERO MORRER! ,1
"   Já falei que não quero morrer  porra, vai se chamar gal na puta que pariu e sem as pernas do bb, boa sorte com o 1 terço e 2 pais",0
Se esse menino não for gay ou bi... eu vou me matar,0
"Alexandre no presídio, eu pensando em suicídio",1
"fds so quero morrer, so com amigos é q consigo me animar",1
PQ NGM ME AVISOU QUE EU IA QUERER ME MATAR DEPOIS DE ASSISTIR I CARE A LOT,0
"top 10 medos absurdos que são só minha ansiedade

1. morrer de forma ridícula
2. ficar tetraplégico e não conseguir me matar
3. ser enterrado vivo
4. isso tudo ser um pesadelo
5. ser o único sobrevivente de alguma coisa
6. morrer de causas naturais
7. isso ser uma simulação",0
vei pelo amor de deus o excel vai me matar,0
"  sabe oq leva a depressao e suicidio? perder a mãe, o pai, o avô, a avó, o irmão pra essa doença...
pobres de vdd nunca ficaram em isolamento nem mesmo no lockdown pq não tem nenhum tipo de home office pra eles
pobres morrem de fome E de covid, mas bolsonaro só quer culpar um",0
pedi açaí 5min depois de ter reclamado q eu gastei muito esse mês pra minha mãe... ela vai me matar,0
Minha tml vai me matar,0
" ta uma merda, eu só quero morrer literalmente",1
eu quero morrer ,1
quero morrer sério kkkkkkkkkk,1
 E AINDA TEM RUMOR DE PERFORMANCE DA SELENA AI OS DOIS VAO ME MATAR,0
meu pai deixou o gás ligado esse homem quer me matar é,0
"Me preparei emocionalmente o mês inteiro pra vir na primeira consulta com o terapeuta novo, cheguei aqui e eles mudaram o horário sem me avisar, ele não vai me atender. EU QUERO MORRER e tô chorando no meio da rua.",1
Que vontade de comete suicidio uaaar,1
"Puta merda,quebrei um copo,minha mãe vai me matar",0
eu quero morrer,1
"A gente conseguiu ficar atrás do Cruzeiro, vou me matar ",0
queria me matar,1
não e mas suicídio quando vc está morto por dentro..,1
"muita vontade de bolo de chocolate, vo me matar",0
mano vsf meu afilhado de 1 ano tá de piruzinho duro vendo clipe de funk pqp quero morrer juro q porra é essa,0
Minha coluna hoje vai me matar,0
" entende meu choro agr, vo me matar ",1
hmkkkkk eren acorda vc nem tempo pra viver quem dirá me matar,0
"A dubladora tem um longo currículo na dublagem brasileira, tendo dublado personagens como a Florzinha em As Meninas Super Poderosas, Charlotte em A princesa e o Sapo, Alerquina em Esquadrão Suicida e London Tipton de Zack e Cody

Nossos sentimentos a família e amigos ",0
"se o mundo fosse sério, suicídio assistido seria legalizado e eu nao precisaria lidar com esssa merda inteira vivo. vou ter que estudar técnica de hara kiri nessa merda? CADE A PORRA DA SUICIDIO PILL GLOBALISTAS, EU NAO QUERO MAIS FICAR NO MUNDO LIXO DE VOCES ",1
me segurando p não acabar c a cocada se não meu pai vai me matar kkkkkk,0
" deu gatilho... fui compra remédio hj, a receita venceu e eu tenho borderline. 

Quero matar o mundo, comer doce e lanches aaté explodir e me matar.

Poxa fala isso não qhfiauhduas",0
 brinca com essas parada nao doido eu sonhei q eu tava sendo caçado por um monte de gente que queria me matar,0
" minha mae vai me matar dessa vez, mas vou fazer",0
 SIM VEI O POVO FALTA ME MATAR PQ N GOSTO NEM DE EREMIKA NEM DE ARUANI,0
vou me matar. sério. não dá pra entender nada,1
Eu quero morrer quando isso acontece ,1
indo lavar vasilha enquanto planejo meu suicidio,1
"274 15:22 : q mané de golpe oq,acordei e já quero dormir dnv p vê se eu consigo sonhar c ele novamente

a KKKKKKKK vô me matar fml",0
" Aí, foi o melhor a pior dia da minha vida... até hoje eu lembro da sensação de cada segundo daquele dia, o frio o calor a raiva o medo... eu tinha acabado de tentar um suicídio, mas na vdd não queria me matar, só queria ser feliz foi quando entendi que era gay",1
Suicídio coletivo quem vem?,1
so falta isso aqui pra eu querer me matar,1
 vo me matar ,1
se minha intensidade ainda for me matar eu prefiro ser poesia e ter histórias pra contar,0
saio cinco minutos do tt e tem 11948292 teorias sobre o lou vcs querem me matar????,0
VOU ME MATAR,1
"Almocei e fui dormir um pouco, agora vou me matar nos deveres ",0
fui assaltada. grande dia. quero morrer.,1
vou me matar,1
"...gt; do Inquérito PolicialMilitar no Galeão e o suicídio do Presidente, por conta da avassaladora onda de desrespeito e provocações feitas ao Chefe de Estado. Naquela ocasião, nas suas palavras, o Presidente saiu da vida para entrar na História com o incômodo sentimento de ..gt;",0
 Santinha ainda vai me matar do coração...,0
vivendo porque suicídio é pecado e deixa a coroa triste,1
indo estudar pq infelizmente eu sou tão inútil que nem no suicídio eu me garanto,1
eu quero morrer eu nunca quis tanto MORRER quanto agora eu to a UM PASSO de me matar de literlamente tentar suicídio,1
Ele vai me matar do coração,0
"essa semana eu tô tão atarefada, quero morrer",1
"eu vou me matar, fds",1
vontade de me matar ,1
Aí mano eu quero morrer lendo isso ,1
quero morrer,1
mds gostar de homem é um castigo que ódio quero morrer,1
vou me matar n aguento mais.,1
que vontade de me matar aaaaa surtos,1
"eu em casa: bissexual irritado
eu no tt: bissexual suicida
eu no wpp: bissexual palhaço
eu no ig: bissexual gostoso
eu na escola: bissexual introvertido ",0
rachei a tela do meu celular vo me matar,0
meu deus a Yuna vai me matar quando descobrir oq eu fiz e o que eu quase fiz,0
a willow vai me matar confirmado,0
o meu prof vai me matar  ,0
PQ MJNHA PROFESSORA TA ENSINANDO UM SUICÍDIO?????,0
" MOSTROUSE TÉCNICA, SEM CEDER A PRESSÃO NENHUMA: 
 cancela teste com vacinas por causa do SUICÍDIO de um dos testados, alegando que era por causa da vacina;
 barraram a maconha medicinal por pura birra ideológica;
 diretor ao lado do Jair nas manifestações antidemocráticas.",0
Perdi minha pulseira da vivara quero morrer,0
minha unha quebrou quero morrer,0
meu gato fugiu vo me matar to mal,1
eu quero me matar pelo amor de deus,1
A música do Up Altas Aventuras tá na minha cabeça enquanto rola umas cenas tristes... vontade de dormir pra sempre,1
nossa to mal quero morrer vou me matarrr,1
"filho duma água quer me MATAR 
 ",0
Meu melhor amigo não responde minha msg  1 sem ele vou me matar,1
"sonhei agr de tarde q eu ganhava dois cachórros, um azul e outro amarelo
minha família tenta me matar até nos sonhos  (sou alérgico)",0
 Aplicar o suicídio né,1
"e eu to comprando tenis que só a desgraca, minha mae vai me matar KKKKKKKKKKKKKKKK",0
"Acho que vou me matar mendexxxx, alguém me chamou de feiah",0
os meus autores favs tiraram o dia pra me matar,0
"sim eu sei qie eu sou um lixo e eu sei que vc se arrepende de como me criou, pode me matar eu agradeço",1
"O danganronpa vacilou em botar esse tanque de guerra como uma mulher, é estranho demais, eu não consegui me apegar a ela.
spoiler alert
Mesmo n conseguindo me apegar aquela carta de suicidio foi emocionante ",0
Tô precisando ganhar respeito no gta pq eu mostro minha carinha linda e os cara já quer me matar,0
"Ai estes flashbacks vão me matar 

",0
EU QUERO MORRER ,1
"eles não param, vou me matar",1
"    Não apóiem a reforma administrativa. É suicídio eleitoral . 2022 está aí. Não deixem a corrupção se legitimar no serviço público. Estabilidade sim, serviço público sim. Servidores estão dando a vida pelo povo. ",0
se eu for mal nesse trabalho eu vo me matar porra assunto q domino pakas se eu mandar mal eu nem sei fi,1
 Você quer me matar ?,0
professor André quer me matar só pode,0
nossa eu vou me matar muito e vou matar a laura também,1
fui tentar desenhar nsfw e saiu mt ruim suicídio deprwssao,1
"  Meu anjo eu disse vilão que tem protagonismo,os diretores não iam me matar",0
"    Ele recusou a compra de mais de 70 milhões de doses de vacina e mais 11 ofertas, fora que comemorou o suicídio de um dos voluntários da vacina do Butantã.

Ele foi impedido de mexer com o isolamento social dos estados e municípios, mas ainda era o responsável pelo planejamento.",0
 suicídio coletivo vamos?,1
"Escola me faz querer me matar, contando os dias pro último dia de aula",1
pensando no meu suicidio,1
a upe quer me matar do coração,0
e se eu me MATAR,1
"So queria me matar para acabar com toda essa vergonha, mds sempre humilhada por ser burra",1
se eu não chegar do médico a tempo de ver a Champions eu vou me matar,0
tava dando conselho pra minha amiga e o microfone da aula tava ligado eu vou me matar,0
  Depende do quê eu marco como incentivo ao suicídio.,0
Depois desta só quero morrer,1
talvez minhas aulas voltem dia 10 quero morrer não sei mais socializar tô em uma turma nova vou ficar mais triste ainda mas quero voltar e não quero vou surtar,1
 que vontade de me matar... ,1
qual o sentido de usar máscara e não colocar máscara no seu filho ???????? eu quero morrer quando vejo isso,0
zO VERMELHO SUS ME MATOU e o jack the killer quer me matar ,0
"o aplicativo querendo que eu faça treino de perna dois dias seguidos, quer me matar é?",0
vai Rick Riordan tá querendo me matar de ansiedade?,0
 Quero morrer Marcelo quero Morrer com essas notícia,1
 passar de semestre porfavor eu vou me matar se não passar,1
 Pessoal fica querendo comparar isso com o bloqueio nos testes da Coronavac que teve ano passado após o suícidio de um dos participantes do trial,0
 eu vou me matar veyr,1
" QUER ME MATAR MULHER???? 
Chocada com essa belezaaaaa",0
 Lucas eu vou me matar sério,1
Juro que ler notícias me dá vontade de cometer suicídio.,1
meudeus eu quero morrer,1
Minha vó vai me matar de estresse,0
"tem uma fucking música da billie no álbum que se chama Billie Bossa Nova

BILLIE??? MULHER??? QUER ME MATAR DE ANSIEDADE????",0
O Esquadrão Suicida tem novas imagens divulgadas ( )  ,0
Eles querem me matar de ansiedade. ,0
Inventei de cortar o cabelo sozinha e agora quero me matar,1
  aaaaaaaaa você quer me matar Rafaaaaa... meu Ranu ,0
"mesmo com a fé escassa 
acredite
o melhor suicídio é aquele que tu fracassa",0
eu vou me matar,1
Pena que o suicídio é pecado,1
"Claro que vc me deixa bem, bem mais disposta a cometer suicídio",1
EU QUERO MORRER,1
hoje a enxaqueca e enjoo querem me matar,0
eu só quero morrer pqpqpqpqpqpqp,1
minha namorada ainda vai me matar do coração c esse negócio de me chamar pelo nome,0
Esses dois dias vão me matar de ansiedade ainda... ,0
"eu só queria um tutorial de como explicar sumiço sem ter que falar que tem problema mental
pior que eu ia ver isso com a psicóloga amanhã, ela n podia esperar mais um dia pqp eu vou me matar",1
"to me sentindo em um jogo de sobrevivência onde eu mesma quero morrer mas todos os meus amigos estão fudidos e eu tenho q esquecer td q tô passando e ser forte p ajudar eles, e quando eu consigo ajudar eu lembro dos meus e aí são eles que vem me ajudar, meu deus to na pior",1
  teoria arqueológica COMPROVADA é pra me matar viu,0
" Quero morrer amg
Me mata pfvr",1
EU VOU ME MATAR NÃO AGUENTO MAIS ESSA PRESSÃO CAINDO COMO SE EU NÃO TIVESSE VIDA E COISAS PRA FAZER,1
 eu vou literalmente me matar,1
 nao começa suas paranóia de que é sempre você por favor eu não aguento mais vou me matar,1
"Albuns do John Frusciante:

NLAUJAT: cocaina
TROWFTD: efeitinho
TWTD: quero morrer
SCWP: não tenho amigos
IOE: depressão
Curtains: curtinho
ASITHOS: que porra?
Empyrean: eu vi Deus
PBX: go back
Enclosure: musiquinha no espaço
Maya: oh shit, go fucking back",0
 NAO RI A MINHA MAE VAI ME MATAR,0
esse tempo so queria estar abraçada debaixo de um lençol com a pessoa q eu amo mas preciso eh me matar de estudar,0
 serio eu vou me matar. eu n posso nem comer por causa dessa bct,1
  vais me matar tu,0
vsf paguei boleto dia de sabadoKDBWKDNAKDNDO vou me matar,0
 Querem me matar de curiosidade é?!,0
"Tava no tikteco, vi isso é agora quero morrer ",1
desperdicei 4 colheres de milho minha mãe vai me matar,0
" eu ja so quero morrer tbh
porque é que raio achei que seria boa ideia?",1
"Comprei umas blusas perfeitas, mas quando experimentei ficou uma bosta por falta de peito. Vou me matar",0
deveria me matar ,1
O ódio que eu tô meu Deus a qualquer momento posso me matar,1
não que a gente tenha feito muita coisa dele mas pelo amor eu quero morrer,1
"e pensando como alguém que gosta do barcelona, bom, aí eu quero me matar",0
RICARDO RIORDAN VOCE QUER ME MATAR DO CORAÇÃO SOLTA O PAPO LOGO,0
 E eu chorando pensando em como teu pai iria me matar kkkkkkk,0
troquei resposta de questão no simulado q tava certa e errei vou me matar,0
eu vou me matar que estresse,1
quero morrer,1
Essa rinite quer me matar,0
" cara, a mina vai fazer 20 anos proximo ano??? que????? to mal quero morrer",0
 QUE INVEJA TCHAU QUERO MORRER,1
meu deus eu vou me matar,1
 suicídio,1
"Giovanna do nada me lança que sonhou que eu tava namorando, vo me matar",0
ENTREI NA AULA COM A CAM LIGADA SEM QUERER WU QUERO MORRER TCHA BTCHAU,0
minha cabeceira chegou menos 1 motivo pro meu suicidio,1
" Votar é uma coisa, me matar bo Gshow só pro Gil",0
sério quero morrer..,1
louis meu deeeeus vc quer me matar,0
" CPI da Covid é nosso Esquadrão Suicida.
Pegamos alguns dos bandidos mais perigosos do país para tentar pegar o sujeito que mais mal está fazendo para o Brasil no momento.",0
 gay voce vai me matar,0
 QUERO MORRER,1
"eu só to na avla há uma hora e meia, mas se alguma coisa acontecer com eles eu mato todos os envolvidos e depois cometo suicídio.",1
pronto to mt brave vou me matar,1
Minha mãe disse que quem se suicida vai p inferno mas quem disse a ela que eu tinha chance de ir p céu???,1
ai vou me matar ,1
"fav e eu te marco com uma bandeira

: te deitava no soco
: amigão 
: te amo 
: beijava
: oi, quer namorar cmg?
: sou apaixonado em vc
: te acho gata (o) 
: passa wpp?
: acho vc gay 
: sou boiola por vc
: nem te conheço porra

se ngm responder vou me matar",0
Será q suicidio é uma opção?,1
olha eu desisto quero morrer,1
 quero morrer.,1
tava tudo bem ontem até eu acordar hj pensando em suicídio  ótimo,1
 Esse governo ainda vai me matar de ódio!,0
"quando o Lucas foi falar ano passado que eu tava em crise e tentei suicídio, ele tinha me deixando dormindo depois de chegar do hospital, mãe e irmã pediram pra ele não tocar no assunto.
Minha família ignora minha doença e me ignora SEMPRE que possível",1
PELO AMOR DE DEUS ele parece um bebê eu quero morrer ,0
"visualizei o story do menino q ele tinha postado fazia só 5 segundos, quero me matar toda vez q isso acontece.",0
 QUE SUSTO CARALHO QUERIA ME MATAR,0
 não quero morrer com uma cabeçada de um mf futuro sogro qlqr,0
Louis ainda vai me matar com esses números,0
"Por diversas vezes, pensei e até mesmo tentei cometer suicídio, pois mesmo eu trabalhando como faxineira, o meu salário é muito baixo.",1
pra q estudar se eu vou me matar msm?,1
Essa reninte ainda vai me matar que saco ,0
"hal vai postar cover de fallin pra me matar de uma vez, porém vou ver só depois pq agora eh hora da naninha",0
Eu quero me matar.,1
" Fazerse de vítima pode ganhar pontos socialmente hoje em dia, mas posso garantir que se você acreditar nisso vai ser PÉSSIMO pra sua saúde mental.

Nunca se veja como vítima nem tenha complexo de culpa, isso é caminho pra ideação suicida.",0
" eu volto na hora do almoço, agr irei me matar :D",1
perereca suicida si joga na pica si joga na pica,0
" não defendo eles não.

É que numa balança de ruindade, a gente pende pra um lado.
E se for pra assistir coisa ruim, pelo menos assisto esquadrão suicida",0
as vezes extremamente complicado ir de extremamente feliz pra extremamente suicida em questão de minutos,1
 Quero morrer ,1
Espero q a Laryssa n veja minha mensagem nem tão cedo kkkkkk vai me matar,0
"Que tortura estudar processo penal meus amigos, processo civil é mil vezes melhor, quero morrer",0
"Ai tô indo ali me matar, tchau kkkkkkkk",1
vou tomar cuidado então porque o post malone vai tentar me matar ,0
kkkkkkkkkkkkkkkkkll eu vou me matar!!!,1
o meu vicio em cafe vai me matar de dor de cabeça ou de gastrite,0
EU COMPREI UM NEGÓCIO SEM QUERER NO CARTÃO DO MEU IRMÃO ELE VAI ME MATAR,0
Quer me matar é o cliente dizer que quer o pastel que já está fritado ,0
e vamos de suicídio ,1
Essa rinite ainda vai me matar,0
tá bom n aguento mais quero morrer,1
so qri dormir pra sempre,1
 Eu vou me matar mesmo n adianta nada investir em mim,1
 Suicídio morte depressão tristeza sentimentos ruins,1
Coronavírus não pode me matar pois eu já morri ouvindo como a história de amor tharn e type ultrapassou a morte  ,0
Ok eu quero MORRER dps de ver isso ,1
 Eu vou me matar eu juro,1
"nossa querjo me matar
eu vou me matar.",1
a minha quer me matar todos os dias com atividades ,0
 quero morrer,1
" tenta achar um duo sup para ajudar , ficar jogando solo de adc é suicídio kkk",0
"Ele apertou meu pescoço com os olhos em chamas. Poderia facilmente me matar alí mesmo se não tivesse seus princípios irreais. 
  Não me provoque, Jones. 
  É apenas uma observação, imperador.  Sorri e ele me soltou. Te vejo em alguns dias em Madilian, mestre. Tic tac.",0
Eu quero morrer com isso,1
hoje minha irma chorou por culpa minha e eu quero morrer odeio fazer qualquer pessoa chorar ainda mais minhas irmãs,1
"Uma semana sem eu ficar sozinho em casa, eu quero morrer",1
e se eu me matar? me parece uma boa.,1
Pq me matar assim ,1
"Vei, minha mãe vai me matar",0
mainha me comparou com todos os meus amgs q sao bons alunos  falando q eu tenho bons exemplos porem n sigo nenhum deles :D me comparou ate com meus mlrs amgs sinceramente acho q vou me matar,1
eu disse que ia me matar no insta e denunciaram meu stories dizendo que eu preciso de ajuda.................,1
" A pena ideal é anular qqr diploma d curso superior e colocar eles junto com outros estupadores, aliás podia ter um prédio presídio com um andar só d cerumano assim, d msm patamar!
E anular, proibir qqr possibilidade d suicídio, e deveriam viver mt",0
mano eu não aguento e se alguma coisa acontecer eu vou me culpar pro resto da vida que será pouco pq eu vou me matar kk,1
"as vezes acho que essa cólica vai me matar de tão forte que é, chego a passar mal",0
 quero morrer,1
"Bebam Água
Só a cólica renal já quer me fazer desistir e me matar para parar a dor",0
ia colocar uma header de jjk mas sempre q penso no mangá quero morrer então melhor haikyuu q ngm morre  apesar de ter time skip e esse ser meu maior sofrimento e ao msm tempo maior felicidade,0
Quero morrer,1
 AH PRONTO você quer me matar de curiosidade é isso???????,0
"eu nao aguento mais viver, alguém por favor faz a gentileza de me matar, obgd",1
Vi um negócio hoje no trampo que deixou o suicídio muito mais tentador...,1
queria me matar mas é tão perigoso,1
    Eu quero morrer!,1
só estuda quem nao se garante no suicídio,1
Eu quero morrer ,1
"no dia que eu falar isso pro Daniel ele vai me matar com um olha só kkkkkkk, sofro",0
"Já não chega todo semestre eu me matar fazendo os projetos, hoje tive a bela notícia de que meu trabalho do semestre passado está sendo usado por outras pessoas, gente as criaturas não tem noção mesmo né",0
que vontade de me matar ,1
"  Não faça isso comigo Marcelo,  você vai me matar cara .hahaha",0
eu. quero. morrer. ,1
"Parece que as coisas perderam a cor desde alguns dias atras... eu vou tentar suicidio e se isso dar errado, eu vou tentar de novo",1
o kindle de todo mundo atualizando e o meu não quero morrer amazon pq me odeia,0
"esse enjôo vai me matar, fui fumar e quase vomitei ",0
 Enquanro isso tô esperando a atualização com o cap 6. Suzanz vc quer me matar?,0
"cada dia q passa o suicídio deixa de ser ser uma opção e se torna uma certeza, pqp",1
vou me matar vei eu juro,1
bissexual? lesbica? pansexual? EU NAO SEI EU NAO SEI NAO FAÇO IDEIA TO CONFUSA QUERI ME MATAR,1
"caras eu tenho q ir almoçar, minha vó vai me matar swrio",0
" quando eu precisei de prazo a mais porque fiquei 3 dias em coma depois de tentativa de suicídio ninguém tava nem aí. Agora vem esse pipipi popopo depressão ansiedade não sei o quê

não vou nem dizer qual era minha vontade porque senão o twitter me derruba",1
"eu tenho vontade de me matar toda vez que alguém fala ComUNisTa dE IpHOnE 

E EU NEM SOU COMUNISTA!!!!",0
eu quero me matar serio ,1
"Acho que só vou conseguir me matar realmente quando eu tirar a culpa das pessoas, a culpa sempre foi e será minha, não quero que ninguém se sinta mal por mim, lembre dos momentos bons, os ruins eu pude providenciar sem nem saber",1
Bia quer me matar do coração ,0
"bom o algoritmo me levou pra vídeos de psicografia que o espírito explica que não foi suicídio e sim acidente

vi dois estou aos prantos boa noite",0
a cada dia q se passa um suicídio me cairia bem,1
boa tarde p quem??? eu quero morrer porra,1
"Elisée novo, lily com creme na promoção e eu só queria um de cada, boticario ainda vai me matar ",0
"quando eu me matar
",1
vou me.matar ,1
Quer me matar de nervoso é atrasa agendaaaa,0
"Eu to há mais de um mês sem ir na barbearia, pelo amor...isso é suicídio social ",0
"Esqueci de desejar feliz aniversário a uma das minhas melhores amigas da vida, amizade pra lá de 10 anos. Lembrei do aniversário o dia inteiro, só esqueci de mandar mensagem. Fechei os olhos pra dormir e dei um pulo, já eram 00:03. Mandei mensagem mas sinto que ela vai me matar.",0
 não entendi vou me matar,1
"queria morar em uma casinha no meio do mato sozinha, mudar de nome e dps me matar",1
nmrl eu tava pensando em suicídio e a pessoa vem me pedir algo que,1
MINHA SANDÁLIA TOROU NO MEIO DA RUA MEU DEUS EU ME ODEIO VOU ME MATAR AGORA,0
EU QUERO MORRER ,1
VOU ME MATAR ,1
Sarah e Rodolffo ainda vai me matar de curiosidade,0
Toda vez q escuto a voz dela sinto vontade de me matar,1
Queimei o bolo o q eu faço???? Minha vó vai me matar,0
a beira do suicidio,1
Cara o   vai me matar com esses stories dele .,0
como que tem gente que consegue correr na praia vei eu ando 2 segundos e quero morrer,0
as vezes eu acho que o louis vai me matar do coração,0
"liguei o vídeo game do boy cliquei no jogo dele sem querer e fiz merda , ele vai me matar kkk",0
MMA é meu cu vamos de suicidio,1
vou me matar,1
eu vou me matar,1
"  Se a CPI servir pra frear as idiotices do governo (e, quem sabe, salvar a vida de alguns milhares de brasileiros) já estaremos no lucro. O que vier daí em diante (renúncia, impeachment, cadeia, suicídio ou linchamento em praça pública) é lucro.",0
" KKKKKK seeei, vai é me matar",0
" Quero morrer seu amigo e nunca te injuriar de modo algum. Numa dessas, vai que meu braço termina indo parar num lugar pouco provavel por torção, sei lá... :P rsrs",0
"  Isso é vdd, mas é muito melhor cometer suicidio do que esperar a morte",1
vou me matar ,1
"Kin Comigo.
Por sorte, Mira queria me matar por ter vazado. Mas com criança não se mexe, e minha indignação falou mais alto.",0
"to cansada dessas crises que quase  consegue fazer eu me matar todas as vezes q aparece, cansada de mim e de ter q ser forte p não deixar ela aqui",1
acabei de ouvir um barulho no banheiro e parece ser de um bicho voador e grande q vai me matar,0
" vou ter q usar a conta q meus pais coisaram o family link pra me monitorar 

suicídio sim ou sim? ",0
vi uma rola agora no tt que sério eu vou me matar por causa de uma rola,0
"Fds, vou escutar o áudio dele falando q me ama pra ver se eu esqueço por 3 segundos q quero morrer",1
Meu gato vai me matar de vergonha ,0
 Suicídio,1
Hmm vontade de me matar,1
a 5 passos de cometer suicídio,1
 ela acabou de me assediar quero morrer,1
"  Eu ja estou desesperada, ja chorei to com o coração muito apertado, eu vou me matar pq nem força pra respirar eu vou ter..",1
terminei e não sei se eu quero morrer ou continuar vivendo  ,1
"   suicidio
.

.
.

omggg

provocamos sus su1cidi0ooss claro clarooo",0
"Melhor maneira de prevenir suicídio é lembrar que vai passar 

MENTIRA QUE É ASSISTIR HAIKYUU",0
" Já me aconteceu quis me matar, ainda quero mais isso não vem ao caso",1
"Agora um poema.

O sol está em Touro
A lua em Escorpião

Se isso não me matar de tesão.
Eu não morro mais não.

Fim.
(Coisas que saem da cabeça de baixo. TADZO,Matteos 2021)",0
"Pq nada que eu planejo da certo ??
Sera que se eu tentar me matar da errado tbm ??",1
Não sei o que vai acontecer primeiro hoje eu matar alguém ou eu me matar,1
Rick você quer me matar do coração,0
Meu deus do céu eu quero morrer,1
"sdd de pagar 5,50 do gama pra taguatinga, mas agora pago 6,95, 7 e até 8 reais de passagem do valparaiso pra taguatinga QUERO MORRER ",0
MADISON REYES VOCÊ QUER ME MATAR DO CORAÇÃO AAAA,0
 puta que pariu eu quero morrer,1
meu almoço: uma cenourakkkkk se a vó souber ela vai me matar,0
n deixaram comida p mimcomeram td vou me matar,0
"To odiando os famosos usando a mulher pra ganhar biscoito, galera faz uma música genérica em 5 mim e bota o nome dela no meio do pra fazer dinheiro eu quero morrer ",0
"o calor que ta hoje vai me matar juro, nem ficando pelada resolve kkkkkkk um sol na cabeça de cada cearense",0
"Minha mãe quer me matar, passou inseticida em mim",0
eu quero morrer juro tô chorando eu não aguento mais,1
"Acabei de ver uma mina no tiktok defendo pessoas a comprarem peças de roupas VIRTUAIS, ou seja, um efeito do Insta

Eu vou me matar e vou levar essa rede social junto pqp",0
E eu q fui compartilhar aquela bagaça do meu shampoo tá acabando achando q era creme e agora tem um monte de massagem dizendo para mim não me matar  qqqq???,0
nao gosto de cena de sexo nossa quero morrer quando tem a graça do negocio é comecar e CORTAR PRA OUTRA CENA fica aquela coisa no ar tipo ,0
retiro o que eu disse eu quero morrer ,1
VOMO ASSIM EU ESQURCI O ANIVERSÁRIO DA ELLY MDS VOU ME MATAR QU3 ODIO JURO QUE NN FOI DE PROPÓSITO EU ANOYEI NO CALENDARIO MAS ELE NÃO ME AVISOU NAO É CULPA MINUA,0
"tão fácil ver que o mundo é um presídi, que esses auto edifícios são um convite ao suicídio",1
   Aí meu Deus ! Está pq os Adm da Pocah não sabem jogar como torcida . Unir forças com o inimigo e suicidio!,0
" Eu tô só aquele áudio 
Eu amo seu estilo não, para com isso, sua mãe vai me matar, para",0
"toda vez que penso neles me da crise de ansiedade, que odio quero morrer",1
" saraaah, eu sou curiosa e vc vai me matar de tanta curiosidade KKKKKKKKK faz o favor de contar pra gente essa surpresa!! quando vc vai poder contar pra gente hein? amo vc! ",0
"eu não consigo fazer quase nada porque a porra do windows não é compatível com nada que eu instale. gente, eu vou me matar",0
  quero morrer.,1
minha enxaqueca hj vai me matar,0
"Não custa lembrar:

Vou me matar! não é Bom dia!
Que ódio! não é Que lindo!
Seguidor de Twitter não é família.

Pronto, indignação postada com sucesso. Sem sucesso, melhor dizendo. ",0
Vou me matar ,1
eu so preciso dormir dormir pra sempre se possível,1
meu deus eu vou me matar. ,1
instalei o ttk e quero morrer porra chata,0
vou me matar ,1
 eu vou me matar,1
vou me matar,1
"Com tentativas de sabotagem por governistas e ataques do proclamado relator  à Lava Jato  vamos nos basear em provas, não repetiremos a República do Galeão (que culminou com o suicídio de Vargas) , CPI da Covid estreia em grande estilo ",0
"É oficial minha psicóloga é bruxa, me mandou mensagem agora perguntando se tô livre pra consulta daqui a meia hora justamente quando tô sofrendo pressão psicológica e pensando em suicídio :)",1
sim eu comi palmito dnv vcs estão chocados? estão bravos? vão me matar por isso?,0
eu nao sei se eu sou suficiente eu espero que eu consiga fazer ele feliz eu mao quero ver ele mal eu sou ijutil demais eu devia me matar,1
  eu quero MORRER,1
NAO AGUENTO MAIS CARALHO NAO É POSSIVEL Q EU NAO SOU CAPAZ DE BATER UM PREGO QUERO MORRER SOU MTO INUTIL ESTOU PUTA NESSE CARALHO VAI TODO MUNDO TOMAR NO CU TMB INFERNO ESTRUME BOSTA MERDA ODIOOO ,1
Ai quase tive um treco agr kkkkkk ai esses processos seletivos ainda vai me matar,0
" O meu é de medo pq possivelmente vou ter que apresentar sozinha e eu quero morrer 

Como que se apresenta?",0
"Fudeu, fiz período grande dms e a prof vai me matar. Tô nem aí",0
 vou me matar ali,1
Suicídio coletivo qm vem??,1
merda de vida inferno odeio viver odeio ter que existir quero morrer eu preciso morrer,1
eu quero morrer,1
eu nao aguento mais ele pelo amor de deus para de acabar com a minha vida ,1
"Acabei de passar umq vergonha no grupo da facul, vou me matar",1
 Peguei e quero me matar,1
vo acender uma vela de 7 dias hoje pq ta foda a mente suicida ta d,1
"no dia que eu for fazer endoscopia eu tenho que ficar 12 HORAS SEM TOMAR ÁGUA... e eu tomo água toda hora
querem me matar de uma vez é?",0
Legal agora quero morrer,1
 Vou me matar por causa dela,1
realmente tô considerando mais do que nunca o suicidio,1
Tava feliz mas ai eu fui achar de ver minha posição na lista de espera do Sisu e agora tô com vontade me matar de novo ,1
"eu achei que se não me matasse em 2017 nunca mais ia me matar pq não me imaginava passando por momento pior, 2020 e 2021 mostrando que tudo sempre pode piorar",1
   Quer me matar do coração? carajo,0
" Sim se vc responder com um emoji eles falam q vc ficou sem resposta mas na real é só preguiça de responder sabe. E nessa publicação era especificamente falando sobre a história dele, outro dia foi um médio mandando eu me matar pq eu estava louca por gostar do Gil é pesado amiga.",0
"eu não tava preparada fisicamente e muito menos psicologicamente pro dia de hoje, eu só quero morrer",1
"Detalhe que ainda tenho que estudar pra O. Mais um motivo pra me matar, sai da sacada, Harianne

 ",0
"MAINHA VAI ME MATAR, MAS IREI MORRER BONITA ",0
vou  me matar,1
" eu vou é me matar 

brincandeira",0
 vo me matar,1
"Estava a conversando com uma gay, falei que não gostava da música do EMICIDA com a PABLLO VITTAR, a gay me mandou um áudio falando que a irmã dele tentou se matar e que eu fui super insensível com a tentava de suicídio da irmã dele por não gostar da música.",0
 MEU DEUS EU QUERO ME MATAR,1
"dia cansativo, vai dá duas horas e eu quero morrer",1
"Eu fiquei quase suas horas em Thyphlo Ruins pra o prêmio da shrine se um Ancient Core. 
QUERO MORRER",0
eu tava de boa ouvindo musica medieval até que do nada TONIIIGH LETS CELEBRATE maldito now united quer me matar do coração to quase assinando o yt premium só p n ter que ouvir esses cara,0
"27042021 14:05:58 Matheus William: Eu cujo nome esta na lista me comprometo a pagar o contrato kkkk Coso contrario Felipe vai me matar 

 felipe
dayse
Cleyton
Rafa
Matheus
Caio
Júnior
Adisson Castro
                 Vixi kkkkkkkkkkkkk",0
"to bem, lembro de umas coisas, fico mal e quero morrer",1
  indo me matar,1
"                       Minha lei sob meu corpo (aí já derivada a auto propriedade) é q não podem me matar, se eu quisesse matar alguém eu teria q achar alguém q quer morrer (oq seria extremamente improvável). Essa misticidade de pactos sociais na vdd podem ser explicados em contratos individuais.",0
só hoje eu já tive 2 motivos pra me matar e esse é o terceiro ,1
"Indo pra 17 página do H.C (e ainda é o primeiro) e tô cambaleando de sono. Quero me matar? Sim, 100",0
essa dúvida ainda vai me matar  só queria ter condições de fazer   ,0
Eu vou me matar. ,1
viver esta complicado não sei se qro matar algm ou me matar,1
"e eu achando que a super lua ia ser tranquilo, e agora quero matar alguém ou me matar",1
matheus deve querer me matar pq eu fiz ele comprar lá também porque estava com muito desconto kkkkkkkkkkkkkkkkk,0
vivendo pq suicídio faz a mãe se culpar,1
tudo bem(n está nd bem a única coisa q eu penso o dia td é sobre como me matar,1
leonardo ainda vai me matar com os peidos dele misericórdia,0
Refém de  uma  rotina suicida !,1
"Eu quero morrer tentando descobrir as senhas dos 318 emails da minha mãe que ela cria e esquece (email1.com, email2.com...) ahhhhh",0
cortando amizades pra que menos pessoas sofram quando eu me matar,1
se eu não me matar a escola vai tmnc,1
Eu n estou me matando de votar mas na final eu vou me matar de votar pra tombar a jujuba,0
" Deus me livre kkkkk quero nem imaginar.
Minha mãe vai me matar kkkk",0
 Me matar com desenhos?,0
 obrigado eu ia me matar às 15h25.,1
Esperando o dia q eu evoluir do quero me matar pro vou me matar,1
pq que eu fui entrar na vida dela? meu deus eu só quero morrer,1
 Eu beijei a menina que ódio quero morrer virgem (???? Kkkkkkl),0
se alguem quiser entrar na minha casa e me matar eu vou ficar grata,1
"Tô vendo presente p Tuca e só coisa engraçadinha consegue chamar minha atenção, Brenda vai me matar. To achando melhor comprar pelúcia",0
Vou me matar,1
só de lembrar da vontade de me matar,1
Felipe Neto pede união em torno de Lula contra o Satanás Bolsonaro ,0
"ele quer me matar de ciúmes mesmo
é isso",0
"Eu vou me matar. Não sei com o que e não sei de que maneira, mas eu vou me matar.",1
 Sim KKKKKK Q ODIO eu ate conheço mta gente que morreu novo por causa de depressão mas o comportamento suicida em si nada saúde de ferro,0
Tem dias que nem esse que eu quero morrer só ! mano esse fardo de enterra meu filho e viver não dá,1
"era pra ser só 15 dias de quarentena, hoje eu arruinei absolutamente todos os meus relacionamentos e estou há 1 passo de me matar",1
2 vez que começo a ler 27 minutes e não consigo continuar por chorar,0
quero morrer,1
me matar e deixar minha mae triste ou continuar vivendo sendo eu triste? eis a questao,1
Quer me matar é desmarcar coisa em cima da hora....,0
 Para de graca vai me matar,0
quero me matar mas to bem sim e vc,1
Vou ali me matar,1
quero morrer,1
"não entendi, vou me matar ",1
ANSIOSO!  Liberadas novas imagens de O Esquadrão Suicida. Longa dirigido por James Gunn tem estreia marcada para 5 de agosto nos cinemas ,0
mais um dia sendo assediada no trabalho  quero morrer ,1
"Madi mandou ir ver o tiktok, n tem nada no tiktok,

Madison vc quer me  matar",0
"  Você vai me matar de amores hoje!!!
Eu também amo você!! ",0
"Mandei meu tcc 2h da manhã (o prazo era até meia noite) pedindo pelo amor de Deus pra considerar mesmo depois do horário e agora tô levando um vácuo do meu orientador

Thalles se vc quiser me matar me dê um tiro que é menos doloroso",0
"Na noite passada, mais um episódio do Monday Night RAW foi realizado no Yuengling Center, na estrutura imponente do WWE ThunderDome, contando com centenas de fãs de forma virtual. O show desta semana, no entanto, ficou marcado por um acontecimento bastan ",0
Mainha vai me matar quando souber que torei a corda três meses depois de trocar,0
 quer me matar?eu tenho ansiedade,0
mds nunca passei tanta vergonha na minha vida quero morrer.,1
"Queria uma dar uma notícia diferente pra vcs, tipo um suicídio sabe",1
EU VOU ME MATAR ,1
KEREM ENFIOU A FACA E HANDE ACABOU DE ME MATAR ,0
"Quer me matar é falar que Renan é meu marido, ele é meu NOIVO! ",0
"Meu aí eterno, Keren e Hande acabaram de terminar de me matar com essas fotos perfeitas no feed",0
eu vou me matar,1
qro me matar vey,1
"das minhas calças

1 tá na dudinha
1 n da p usar p sair a tempos pq ta desbotada curta e agr rasgada
1 tá feia a mt tempo
outra rasgou
uma mais nova desprendeu um ngc lá é n da p arrumar
1 tá apertada
uma tava MUITO larga

sobram três
uma q minha mãe quer me matar por ainda usar",0
 vou fazer uma thread de todas as vezes que fala que vai me matar ou que me odeia,0
Acho que vou me matar ,1
A HANDE POSTOU TB. ELES QUEREM ME MATAR. AMOOOOO DEMAISSSSS,0
"Spoilers snk









No mesmo nível de sexualizar a cena do draco no banheiro é sexualizar a cena do reiner tentando suicídio,sem meme só pq tem saliva na cena a galera já espuma,VCS SÃO NOJENTOS",0
 estou indo me matar,1
"Hidroxicloroquina, criminosamente prescrita pelo governo federal, dentre várias reações admitidas pelo fabricante temos:
Cardiomiopatia que pode resultar em insuficiência cardíaca;
Psicose, comportamento suicida;
Insuficiência hepática fulminante...
Prefiro virar jacaré!",0
não entendi vou me matar ,1
"Tem muitos., Libertadores12 inteira no Pacaembu foi um espetáculo. 

Mas esse dia, esse dia foi memorável. Titulo jogando contra o rival, de lavar a alma.

Quero morrer num Domingo com o Corinthians campeão e assim foi, Dr.  ",0
"CCJ aprova 14 projetos, entre eles o de prevenção ao suicídio no RN ",0
Suicídio ,1
meu deus eu lavei minha camisola 2 vezes e não sai o cheiro do menino KKKKKKKKKKKKK eu vou me matar,0
esquadrão suicida ,0
"hmmm
que vontade de um suicídio",1
Aaaaa que ódiooorr eu não sei como fazer a pré inscrição vou me matar,0
"hoje eu tô um porre, queria me matar",1
 bgl é marcar uma resenha quero morrer de rir de novo kkkk,0
quero morrer depois disso ,1
"Palestra sobre riscos de suicídio entre adolescentes abre atividades da segunda turma da pós em Educação e Diversidade do . A palestra poderá ser acompanhada por todos os interessados no canal do câmpus no YouTube. 

Veja mais informações em  ",0
quero morrer,1
Vo me matar nao sei como vejo a lista de espera da unifesspa,0
sonhei com cobra quero morrer,0
"eu to penando em seriamente em me matar, vai ser melhor bem melhor",1
ecoares: Suicídio. Pensei nessas palavras muitas vezes. É algo difícil de dizer em voz alta. É ainda mais assustador quando você sente que pode estar falando serio.  Os 13 Porquês  ,0
" Sim, e por quase me matar de amores ",0
"sem papas na língua
não me calo
não me acalmo

vão se foder, seus babacas de merda!
tentaram me matar
tentaram me destruir
de forma com que eu ficasse quieta
com que eu não denunciasse

sobrevivente
essa é a palavra
é isso o que eu sou
sobrevivente.",0
eu quero me matar,1
 eu quero morrer,1
tô tão triste queria só dormir pra sempre,1
"não tem absolutamente NADA nesse mundo que me deixa mais fraca do que ela usando moletom eu tô sem estrutura jogada no chão com essa calça de moletom e jaqueta jeans
o objetivo era me matar lisa? parabéns conseguiu. ",0
"a ju super fofa e preocupada deu ter tirado 15 em química B mas eu tô bem fds, n vai me matar e eu não tô ligando",0
"Eu faço tudo, agora quer me matar e lavar roupa, botar no arame e dobrar ",0
Vida do crime é suicídio lento,0
"se eu me matar, vc sentiria minha falta? kjkjkjkkk nao né",1
" Nenhum pouco, quero morrer, avisa",1
"Odeio quando falam que tenho a mente fraca por ter tido depressão. Odeio quando falam que não sou forte e nunca fui, por isso tentei me matar. Odeio o fato da minha própria família dizer isso pra mim...",1
"NO MEIO DO OCEANO COM UMA CANOA E APENAS NÓS DOIS... PERFEITO 

ESSE HOMEM QUER ME MATAR???? ",0
EU TAVA ESTUDANDO KEREM VOCÊ QUER ME MATAR?????,0
odeio minha vida quero me matar eu não sou capaz de ajudar ninguém eu sou um lixo humano que merece morrer sozinha,1
Só aqui que o Google não tá deixando salvar imagens? Quero morrer ,0
 marina se que me matar postando isso,0
Oq resta é viver pq suicídio deixa a mãe triste,1
o fone na verdade eh da minha mãe que eu peguei pq o meu estragou ELA VAI ME MATAR NUNCA MAIS VOU TER UM FONE,0
 imagina me matar de brigar por participante de reality show pra continuar pobre?,0
Sarah ainda vai me matar de curiosidade ,0
kerem bursin você quer me matar????? ,0
"tw suicídio (spoiler?) danganropa 2
.
.
.
.
.
.
.
.
QUE MERDA É ESSA DNV ISSO MANO NÃO QUERO VER ISSO VEI QUEM É QUE TÁ ALI MANO ",0
"Quer me MATAR DE ÓDIO: interrompe o que eu tava falando em algum grupo.
Exemplo: tô contando uma história  puxei um assunto e vem um infeliz e fala algo no meio. 
O ódio que me dá",0
Essa internet vai me matar de raiva,0
 a unica coisa que eu tô pensando é em suicídio,1
e se eu me matar,1
Nossa que gostinho de quero morrer,1
meu deus como eu sou burra quero morrer,1
"Engordei 7kg de novembro pra abril, vou me matar",1
Só hj 5 motivos de suicídio,1
 Vou me matar ,1
"ah nem fodendo que o soteldo postou vídeo com carta de despedida, eu vou me matar",0
   Qual o problema? Vai me matar? Não gosto mesmo onça feia do krl,0
"era pra gastar 10 com o Marlboro, acabei comprando 2 assados e uma gasosa kkk cartão é suicídio ",0
" Carregador doido indo pro pau, suicida que nem vc",0
"Artigo aponta que em decorrência de medidas de confinamento suicídio é agora a principal causa de morte para crianças e adolescentes (10 a 14 anos) no Canadá.  

Hospital Mcmaster observou um aumento de 300 nas tentativas de suicídio.
 ",0
"Essa mulher ainda vai me matar qlqr dia desses

Q TREINO DE PERNA É ESSE MEU DEUS DO CÉU???",0
me deu uma puta vontade de me matar,1
"A Tchize vai me matar 

Vou abrir um fã Club 

 vem só me explicar bem!!!! ",0
"Amiga até vai, agora quer me matar de raiva e que eu acho a PURA falsidade (peguei trauma pq uma mina n gostava de mim e me chamava assim) é chamar de: nega, amore e FLOR pqp ",0
"kjjk suicídio 
",0
"Minha Teoria DCEU

Esquadrão Suicida,Aves de Rapina e Liga da Justiça(Joss) irão se passar antes do filme do Flash, ai vai ter o Flashpoint que vai resetar um novo universo que Inicia Com:Liga da justiça Snyder Cut,Shazam e Adão Negro

Obs: Novo esquadrão suicida irá se enquadrar",0
"To na folga mas preferia tá trabalhando
Ficar sem fazer nada por duas horas é meio q me matar
Sou hiperativo demais kkkkj",0
aqui lembrando o dia que um motoqueiro arranhou o carro na sinaleira fechada cheguei em casa chorando achando q o Xande ia me matar ele disse foi nada e me abraçou KKKKKKKKKK,0
 nossa quero morrer,1
"Minha mãe vai me matar, como smp fazendo merda atrás de merda kkkkkk",0
 vou me matar juro,1
odeio cólica quero morrer,0
 quero morrer,1
Essa cólica vai me matar,0
meu namorado da academia veio todo de preto aí quer me matar né ,0
 Ehhh e pra melhorar vou no médico hoje e preciso da minha identidade  minha mãe vai me matar ? Sim ou claro,0
eu preciso ir morar sozinha pelo bem da minha saúde mental. ou é isso ou eu vou me matar porque não estou suportando mais,1
meu primo de 8 anos me chamou de cringe namoral vou me matar,0
 o q vai rolar é meu suicídio,1
"For no One seguida de Im só tired

Bolão pro meu suicídio",0
que me matar é me chamar de querida,0
"       Se você desativasse , eu ia desistir de tentar me matar",0
Minha mãe vai me matar quando ver o quanto eu já gastei,0
  eu tô passando mal sério vou me matar,1
EU QUERO MORRER,1
 eu vou me matar avisa gusta ,1
"Pensei que a panela de pressão ia explodir e me matar, agora vou ficar igual uma idiota limpando a sujeira que eu fiz. Um ótimo dia pra mim ",0
indo me matar ,1
otimo ja me estressei quero morrer ,1
to a cinco passos de me matar,1
 juro essas crianças vão me matar,0
minhas amigas vao me matar mas vou fazer memso assim,0
Eu quero morrer mais ainda ,1
hoje eu so chorei 2 vezes me autodeprecie 5 vezes lembre d coisas q me fazem 4  vezes e pensei em suicídio 3 vez eu acho q isso eh uma vitória,1
eu vou me matar pqp,1
como saber se meu gato quer me matar?  ele te encoraja a sair de casa sem mascra ,0
"minha mãe orando pra que uma mulher não cometa suicídio mas cagando quando eu quase me matei duas vezes, juro...",1
"A UFTM conseguiu me matar de todas as formas possíveis nessa semana e nesse mês, alguém me enterra por favor 

É aquele ditado né: hoje tá uma bosta mas amanhã vai tá 3x pior",0
Quero morrer,1
"Acabei de escrever que a criança judaica só queria passar o natal com sua família. 

Eu quero me matar sério não sirvo pra isso",0
pra q estudar se eu vou me matar,1
acabou a temporada de shell boy eu quero morrer q ódio cu buceta puta q pariu,0
" Sim, pq quero morrer logo",1
ELE EH TAO LINDO VO ME MATAR ,0
"LOUISE Maria José, mulher vc quer me matar. Poxa vida amiga não tava preparada. ",0
"Minha mãe vai me matar se ela souber que acordou 5h da manhã pra fazer um cuscuz pra ele levar pro trabalho, eu levei e não comi tá voltando pra casa do mesmo jeito ",0
  vou me matar,1
queria me matar,1
caralho cara o gabriel vai me matar do coração ainda pqp,0
"Aula de administração financeira 

Suicídio é sempre uma opção",0
" Tu quer me matar mulherrrr
Vem clipe",0
Gustavo Mioto vai me matar.,0
Minha mãe q me matar de fomeeeee,0
ai rindo mas na verdade quero morrer,1
 vo me matar,1
"  KKKKKKKKKKKKKJPARØ
TEVE UM PPST DO RYAN QUE ELE FALOU tô querendo matar e eu li tô querendo me matar e eu quase respondi eu tbm cara KKKKKKKKKKKKKKSERIO",0
"caras hj ta foda demais viver
juro por tudo eu mal consigo ficar em pé que já sinto falta de ar e extrema exaustão
a ansiedade e a fibro vão me matar juro",1
"mamãe tentou me matar hj,e é isso",0
minha mãe falando pra fazer miojo dois dias seguidos ela quer me matar sim ou claro?,0
"Não faz isso comigo dona  quais temporadas? A 7 temporada também vai ficar disponível? Quer me matar de ansiedade, não vou conseguir esperar até sábado.  ",0
minha cara ta muito oleosa quero morrer,0
Tentaram me matar nas esqueceram que eu já tô morto,1
quero morrer  ,1
gente quero morrer,1
eu poderia cair no soco com boninho por ele ter inventado essa merda de bbb com mais tempo que o normal vc quer me matar de odio????,0
 nossa vou me matar,1
queria dormir pra sempre,1
"tempinho bom p cometer um suicídio , afff",1
maneiras de me matar google pesquisar,1
Aí que lindo sem querer falei que tava cansada de viver agora minha mãe fica perguntando se eu quero morrer ,1
essa mulher vai me matar do coração,0
Eu tô com uma vontade de me matar que delícia,1
quero morrer,1
    O próprio Dimas Covas já expôs sobre a demora na autorização da importação da vacina! Levantou suspeita sobre a vacina suspendendo testes por conta do suicídio d um voluntário(diferente da astrazeneca)e acusando o butantã d ñ ter entregue todos os dados: Até a desculpa é a mesma!,0
" eu n sei amg, desisti ja de fazer vou me matar",1
 Vou fazer um curso apenas lendo suas postagens kkkkkk e depois vou me candidatar a vereador kkkkk ops aqui no RJ não dá vão me matar antes aqui e foda kkkkkk,0
Minhas cólicas vem pra me matar ,0
 muier você quer me matar ?,0
Esse foi o motivo do meu suicidio ,1
eu vou aproveitar e vou me matar,1
 MAINHAAAAAA VC QUER ME MATAR DO CORAÇÃO,0
SOS MINHA NAMORADA DISSE QUE VAI ME MATAR PQ EU NAO DOU UM FILHO PRA ELA 190,0
Remarquei a data do meu suicídio,1
cansado sabe eu to cansado eu sempre tive depressao desde q eu me entendo por gente eu lembro de orar pra deus me matar no sono qnd eu era bobo e ainda acreditava em divindade eu to cansaso eu nao aguento mais eu to triste eu to todo dia triste eu nao sou feliz nem por um minuto ,1
"Eu sou os dois, quero me matar ",1
Eu tô doida pra fazer tatuagem e meu pai tá doido pra me matar se eu fizer ,0
nao eh possível q vou ter q comer fermento por 5 dias. a faculdade quer literalmente me matar eh isso?,0
"engraçado que pra ganhar 1kg eu preciso me matar, mas sentei perdi 3",0
quero morrer,1
"oi gnt,vou me matar.",1
tao inútil q nem p me matar eu sirvo,1
beirando o suicídio,1
 Eu troco a minha letra a cada mês então fica meio confuso mas atualmente com letra minúscula mesmo minha mãe querendo me matar,0
Quero morrer,1
 vou me matar thiagu,1
"To com uma pulseira e uma tornizeleira arrebentadas, aiii quero morrer ",0
Acordei e quero morrer,1
dia de cu quero morrer,1
indohhh de suicidio falou galerinha da rural fuiii,1
Carol vai me matar sufocada com esse perfume,0
vou me matar,1
eu quero morrer quando vejo alguém colocando bolsa de água quente pra cólica,0
 suicidio é a solução,1
" PARA 
DE
ME
MATAR 
EU TO MORRENDO",0
"  Mais um candidato a avião cair ou levar facada ... 

A esquerda vai tentar ... Podem ter certeza ... 
O diabo da esquerda perder a presidência e o gov de sp ... Vai ocorrer suicídio coletivo no  ",0
"ninguem ao meu redor entende q eu so quero morrer, tudo aqui me faz mal",1
a julhia vai me matar gente kkkkkkkkk,0
"as vezes tenho uma vontade absurda de me matar de uma vez pra ver se ela pelo menos começa a tratar as outras pessoas direito, nem que morra de remorso depois eu tô pouco me fudendo",1
 NAOO E CREDO BUBU TÁ DOIDINHOO É?!? vai me matar de boiolice sua avisa ,0
" ainh amg, eu to prontissimo p meu suicidio",1
Me matar  me fazer sair com o cabelo molhado,0
"Eu odeio quando o livro da todas as dicas pra MC sobre quem o vilão é, todo mundo sabe e a bicha fica  nossa, quem será que tá tentando me matar?  não sabe como bicha ??",0
o jinie quer me matar de sdds,0
"Hoje eu fiquei por aqui mais que o normal, bora estudar é kié. Beijos pra minha tl que hj só faltou me matar de tanto que me fez rir.",0
minha prova não tem no brainly quero me matar,0
A LARA ME ACHOU NO TIK TOK VOU ME MATAR,0
Essas mina nao se coloca no lugar de ficante cara vão me juntar pra me matar kkkkkkkkkk,0
Não quero morrer de vergonha alheia sozinha ,0
Hoje eh um daqueles dias que eu me sinto um lixo em todas as roupas quero morrer pq nasci feia deus????,1
" QUER ME MATAR DO CORAÇÃO? 
EU JA TAVA SURTANDO Q EU TINHA CHEAGDO CEDO NO TWEET DO LOU",0
"Comecei greys dnv, e minha irmã quer me matar kakakak já é a 6 vez ",0
"Que vontade de me matar pqp

E quem colocou valor foi o estado, com o curso forçado, não a gente ",0
"essa dor de ouvido vai me matar, pero amor de deus",0
"eu sempre sinto que to incomodando, que ódio
quero morrer",1
"se suicidio é pecado, pq deus nao retira essa vontade???",1
"Por indicação de meu amigo , assisti ao HaraKiri (1962) de Masaki Kobayashi. O filme surpreendeu muito! Adorei sua OST minimal e seu formato narrativo. Ambientado no início da era Edo, dá um olhar crítico sobre o xogunato, a honra samurai e o rito de suicídio do Harakiri ",0
"O Esquadrão Suicida  Filme ganha imagens inéditas    
 ",0
"Eu: quero morrer
BTS: calma linda, toma mais um novo single, mais um Run BTS, mais um álbum japonês, mais um álbum coreano, mais um reality na florestinha, mais lives legendadas, mais um banbangcon, mais photobook 
 
 
",0
 pqp muie vc quer me matar,0
"se me mandam uma proposta dessa eu vou na hora!
Se o Sheik me der 5 ou 10 mil por dia: TOP!
Se o Sheik me matar: TOP! ",0
 nossa um dia essa mulher vai me matar,0
" Tu tem conhecimento e isso é a chave do sucesso. Seguindo 2 conselhos você faz dinheiro: não vai na onda de múltiplas, isso é suicídio e não tenha pressa de ganhar dinheiro rápido, isso é papo de hinode pra te fazer vendedor. 
Faça apostas seguras, a margem de erro será baixa.",0
"pare de dizer que não me ama que não vai voltar
que eu não sou e nem serei mais dono do seu coração 
que não tá nem aí pra mim 
com quem fico o que eu faço que eu posso até me matar 
não vem agora me dizer que todo amor e flores plantamos já morreram no nosso jardim por isso eu..",0
pensando seriamente em me matar,1
" a familia dela nao tinha permitido a múdica estar presente no album por ser muito pesada e etc por falar sobre suicidio e etc, mas ela mesmo assim lançou pros fãs",0
meu pai quer que eu já volte pra academia não sei não esse homem parece estar querendo me matar,0
"o questionamento é oq será q vai me matar hj, a cólica ou a dor de dente??????????",0
"billie pra que isso cara, precisava me matar nao",0
"quando as meninas do xenomafia souber, elas vão me matar",0
realmente vou me matar num futuro proximo ,1
" Manoooo eu tenho uma avaliação final pra fazer, só q fui fazer essa atividade e tirei nota baixa tô ferrada. 
Tô com medo, meus país vão me matar tenho até amanhã pra fazer essa merda e tem um monte gente reclamando do brainly.",0
  deve tá querendo me matar,0
ai que ódio eu vou me matar deus me leva eu cansei dessa vida patética na terra,1
GENINHOS VÃO ME MATAR DE ANSIEDADE,0
 eu vou me matar to avisando,1
"                                     Penso em você, em seu olhar
Penso em fugir e te levar
Sonho pra nunca acordar
Eu nunca fui de acreditar
Mas me perdi ao te encontrar.. 

! ",0
"  ai que ódio quando eu elogio suas coisas vc ignora minha existência mas quando critico vc vê eu vou me matar, era meme ivina esses desenhos são maravilhosos pfvr não deixa seus fãs me atacarem  ",0
já apareceu aaron pai de menina umas três vezes hoje na minha timeline vcs tão querendo me matAR,0
meu presente de aniversário é meu pai me matar de fome esperando ele p almoçar,0
o sal vai me matar,0
sim agr vou ali me matar kkk ,1
 depois só falta me matar na dm!!,0
" mano, se n tiver fnaf nessa live eu vou me matar...
metira n vou n, mas eu vou ficar bem triste ;;",0
estou com saudades dela mas certeza que se eu falasse com ela ×ela× e ela iam me matar,0
"minha mãe vai me matar, que ódio",0
"Se quando ela viesse estaquia ele , ele desse uma madeirada nela , não ia tomar uma facada, mané resolver na cnvs com a mina com um faca tentando me matar slc kkkkkkkkkkk ",0
minha vó ta fritando peixe vou me matar que fedo,0
 ai amiga ce acabou de me MATAR,0
BEATRIZ TU AINDA VAI ME MATAR OLHA WUE COISA LINDA MDS EU TÔ CHORANDO ,0
mãe quero me matar pq a sociedade está me pressionando a isso!,1
"Gnt eu quero um jogos pra me matar de beber , viajar com as minhas amigas , misturar corote com beats, dar pt e botar culpa no brownie fit  ",0
o suicídio vem viu  ,1
vou me matar ,1
"14 dias pra fazer 8 provas com 26 questões cada uma

q ódio da organização da escola, eu to tentando o meu máximo mas tb não vou me matar de estudar até pq eu tenho coisas pra fazer, não vivo só pra estudar não",0
quero morrer ,1
quero morrer p.p p,1
 maria eu quero morrer,1
to a um tema de me matar se chegar mais um eu me mato,1
"Se O Esquadrão Suicida for ruim, eu dropo de vez o cinema de superheróis, largo mão mesmo",0
" Vcs vão me matar de ansiedade, atualiza esse ordenamento logo",0
camila tirou o dia pra me matar,0
"boa tarde povo 
estou sumida por motivos de a faculdade quer me matar",0
A billie só vai lançar o álbum dia 30 de julho e até lá minha ansiedade vai me matar  ,0
"Período fértil dividido em dois estados de espírito

Quero morrer
Quero fuder",0
" suicidio n, coma alcoólico KKKKKKKK",0
depois vai tentar lacrar sobre suicídio e oferecer dm pro amiguinho deprimido ,0
px vou até me matar,1
" No Brasil de hoje, confiança é quase uma questão de suicídio.",0
" Caso seja sensível pule essa AU

 One Shot.
 Ansiedade e Depressão.
 Estresse.
 Denki Trans.
 Problemas familiares.
 Tragédia.
 Adoção.
 Suicídio.
 Bullying.",0
"   Né foda? Agora eu tenho que me matar por quem nunca moveu um dedo pela minha torcida, evitava postar coisa do Gil quando ele tava queimado, nem comentava ou respondia os posts oficiais? É bonito demais isso, me poupe",0
minha mãe fala eu já quero morrer escutando a voz dela,0
"floki pulou o muro, esse cachorro vai me matar um dia",0
       Em França foi assim. Em Portugal será como? No pasa nada! ,0
Shawn e Camila tiraram a semana pra me matar,0
quero morrer,1
Essa menina uma hora vai me matar do coração,0
" A INTENÇÃO ERA ME MATAR? PQ SE ERA, CONSEGUIU! ",0
 Mas a minha mãe vai me matar,0
"eu tô sozinha em casa e eu tava no BANHO q o carteiro chegou 

quis me matar por um momento",0
O dia que o fiori me matar 1 vez no mid eu desinstalo o jogo ,0
minha mãe vai me matar kkkkkk,0
comi 2 bolos de pote e já quero morrer de tanto açúcar credo,0
"eu, a pessoa mais desgraçada da cabeça que conheço tentando convencer outra pessoa de que suicídio não é a solução mesmo querendo morrer todos os dias",1
tô todo fudido quero morrer,1
vontade de dormir pra sempre,1
"Eu achei que estariam ao meu lado, eu achei errado. Quero morrer",1
"Me arrancaram um diu com tudo, e deixaram entalado no colo, tive que tirar cirurgicamente. Nem um desculpe o mau jeito me foi dito...

Me receitaram hormonios que podiam me matar, só porque sim, 3x mesmo eu dizendo que eu não podia tomar.",0
Essa CPI e Esquadrão Suicida: Same Energy.,0
"eu pedi pra deus um presentinho e olha qm ta segurando minha mão, depressão, ansiedade, distúrbios mentais, tristeza, tesão, atividade acumulada, vontade de me matar, cansado,dor,traumas, insônia,baixa autoestima,entre outros",1
"As coisas só aparece pra me destruir, vontade de me matar ",1
A mãe vai me matar,0
ACARALJO MINHA MAE VAI ME MATAR,0
 Vou me matar,1
vou me matar ,1
"Amar o próximo como a ti mesmo

As pessoas O DIA TODO nas redes sociais: Como eu sou feia to gorda É tarde pro suicídio? Quero morrer Eu sou ridículo e não sirvo pra nada 

Bixa, é por isso que ninguém ama o próximo, não ta tendo nem amor próprio... tnc pra lá",0
 Nem pensar... prefiro me matar de malhar na academia que entrar na faca,0
hoje a rosalinda quer me matar com a beleza dela,0
to fazendo cafe cremoso se der errado minha mae vai me matar,0
Será q eu quero morrer ? ,1
"Pensei em me matar
Mas lembrei que no inferno não tem cerveja e desisti kkkk",0
"Eu quero morrer e emagrecer, então por que não morrer de fome? ()",0
Bia vai me matar se eu não fizer essas figurinha hoje,0
"quando eu penso que a barraca do beijo 3 estreia em 11 de agosto e esquadrão suicida dia 21 de agosto, e percebo que já vou estar de 7 meses eu fico com medo do quanto esse ano vai passar rápido 

a gente já tá batendo na metade do ano pqp",0
quero morrer ,1
 vc eu deixo me matar patinetando,0
"Alguém tem dúvidas que vivemos uma ditadura? Fraca, desorganizada e suicida, mas é uma ditadura!",0
"     toda vez q eu dava uma gargalhada. E dizia q ia me matar. Ele entrou no metrô q já tinha saído. Eu moderei nas minhas gargalhadas em público só por conta disso. Eu olhei rápido pra esse senhor em um momento e ele tava com muita raiva e agitado, mas não desconfiei q fosse comigo",0
 aff se ela me matar eu agradeço,1
Meu Deus meu Deus eu quero morrer de TANTA COLICA Q TO SENTINDO ESSA MERFDA,0
 e vc ter dado risada ao invés de querer me matar foi o melhor,0
"eu fazendo piada durante a aula de espanhol e minha amiga querendo me matar 
sou muito madura mesmo",0
 garota pelo amor de deus vc quer me matar ,0
"vao tentar derrubar, que é pra me ver crescer; e as vezes me matar que é pra eu renascer; como uma supernova que atravessa o ar; eu sou a maré viva, se entrar vai se afogar   ",0
  só levantará de lá morto? ???? Tipo você esta autorizando ele a cometer suicídio? Dai essa  kkkkkk,0
Mano eu quero me matar eu sou muito burra eu vou morrer,1
"eu vou ter q esperar até 20:30 pra poder ouvir esse álbum novo da Duda Beat, minha ansiedade vai me matar até lá",0
eu amo TANTO esse paralelo pq além de mostrar a evolução do relacionamento das duas também mostra como a Nureba é grata pela midari ter impedido ela de cometer suicídio ,0
"O Esquadrão Suicida recebe novas imagens promocionais
",0
essa cólica vai me matar,0
"Assim consegui 4 cachorros, e minha vó querendo me matar ",0
 PELO AMOR DE DEUS EU VOU ME MATAR,1
A carência vai me matar um dia ,0
O EAD vai me matar,0
acho que vou cometer suicidio falta isso aqui ,1
Final de período pq queres me matar?????????????? ,0
eu juro que dessa vez cometo suicidio ,1
"Postei musica do Rancore e teve um comentario dizendo: É trance?

EU QUERO MORRER!!!!!!!!!!!!!!!!!!",0
45 questões???? quer me matar professora??,0
minha garganta parece que quer me matar,0
"povo é bom pra pedir dinheiro emprestado pra pagar é a briga e se tu vai cobrar ainda fica puto, tenho dois filhos que se eu deixo sem comer falta me matar",0
Quero morrer,1
de novo eu sonhando com perseguição meu deeeee não aguento mais o povo querendo me matar,0
Falei pra minha mãe que quando comecar a trabalhar vou querer um iphone e ela já quer me matar,0
essa professora quer me matar,0
Quero morrer,1
O veii eu derrubei um copo de suco de MARACUJÁ  na cadeira e no tapete.Qual a chance de minha mãe me matar?,0
quero morrer,1
eu fui levantar do sofa meu deus minhas vostas vao me matar,0
assim eu não saio de casa pq não quero morrer ,0
" depende, até umas semanas atrás, eu não conseguia dormir com os meus funkos na estante, tinha que guardar, mas não porque eu achava que eles iriam me matar, mas porque é como um incômodo, sabe? seria a mesma coisa se tivesse um manequim no meu quarto, por exemplo",0
Eu vou cometer suicídio!!!!!,1
"Vou comer a vasilha de salpicão todinha kkkkk,minha mãe vai me matar",0
  Ah não vocês querem me matar,0
"passei da fase de planejar meu suicídio todo dia pra simplesmente me odiar e odiar viver todo dia 
cada época um tipo de tortura",1
eu vou me matar,1
Se alguém quiser me matar saiba que já estou morta... DE CANSADA,0
 la isla bonita vai hitar tanto quando esquadrão suicida 2 for lançado!! ela precisava mtttt fazer alguma performance televisionada pra ajudar no buzz,0
  sim tu quer me matar,0
" seu namo vai me matar kkkjjk, isso sim",0
"A Hallana ainda vai me matar de rir qualquer dia desses, e tenho dito.
Porra! ",0
"SIM, AMIGOS BRASILEIROS, NÓS GANHAMOS!!!

A Billie ainda vai me matar do coração um dia ",0
tô fudida pqp minha mãe vai me matar hj,0
pq eu acordei porra eu quero dormir pra sempre,1
   E não digo isso com nenhuma felicidade. É uma tragédia que um único partido tendo o amor do povo por 14 anos tenha desunido ainda mais o povo sem promover uma reforma sequer. Voltar a essa dita esquerda revolucionária é um suicídio e só vai aumentar o sangramento do Brasil.,0
 Vao me matar derrubar minha conta,0
"A vida é estranha. Pensar me deixa mal demais, só quero morrer.",1
minha dentista deve tá com vontade de me matar pq já remarquei a extração do meu dente 3 x,0
Me sentindo feia burra inútil insignificante desinteressante chata desnecessária no planeta quero morrer e tudo sem vírgula mesmo.,1
Ai meu vô que me matar do coração outro susto desse e acho que guento mais não,0
Quero morrer logo odeio minha vida miserável,1
"Tá compensando também pegar uns milhões emprestados com um agiota, dar rolê pelo mundo, voltar e deixar ele me matar",0
"não consigo me concentrar em nada, pois só penso em transar cm minha namorada que vai me matar quando ver esse tweet, mas nem ligo",0
a billie quer me matar do coração,0
sonhei que tava em guerra com os ballas no gta eles me perseguindo pra me matar foi loco esse dia ,0
" NAO SEI COMO RESPIRAAA, ELA VAI ME MATAR UM DIA PQP 

happier than everbillie",0
o que essa gostosa ta fazendo com vc donghyuk eu vou me matar ,0
"a lys ainda vai me matar do coração, cheguei a passar mal  q coisa bem seria essa branquela",0
essa billie eilish vai me matar um dia,0
"  Amg, você quer me Matar?",0
deveria morrer quero morrer,1
BILLIE VOCE VAI ME MATAR,0
Agora q to sem película parece q meu celular quer cometer um suicídio,0
sinto que o Arthur tem vontade de me matar cada vez que abro a boca pra falar de algum mlk,0
"o humor negro de garotas e gays eh sobre personalidade sombria, e piadas com suicídio.

o humor negro de homem eh piada com estrupo, racismo e shitpost.",0
meu deus esse torcicolo vai me matar de tanta dor,0
"Maior erro dos bolsonaristas foi mexer com uma raposa igual o Renan Calheiros. Uma coisa é bater no Lula e no PT que é vidraça mesmo, outra coisa é mexer com esses caras aí, suicídio político.
Renan vai vir com sangue nos olhos nessa CPI da Covid.",0
A um passo de você (suicídio),1
"Ain minha nutri vai me matar
A nutri: ",0
Minha mãe falava meia duzia e eu levava doze ovos pra casa faltava me matar heusheus ,0
"petição pro  nao me matar:

 gio",0
me sinto exausta quero morrer,1
To muito no hype de esquadrão suicida do James Gunn,0
quando a ansiedade começa a ficar com gosto de suicidio resolveria tudo ,1
Suicídio amanhã as 9h marcado ,1
 quer me matar é .,0
Letícia quer me matar do coração,0
"Eu sei a rota antes do primeiro início
Fugir disso é suicídio
Verás que broxar na hora de concluir os planos
É igual levar alguém pro motel pra ficar só conversando",0
"Quer me matar? É se atrasar em algum compromisso comigo, eu falto morrer! ",0
Essa dor de cabeça vai me matar,0
 Começou o micareta suicida da oposição... vai ser lindo ver essa corja de vagabundos se desgraçar de vez perante a opinião pública. ,0
  COMEÇOU OLHA AIYRA EY VIY ME MATAR,0
ESSA MULHER VAI ME MATAR AINDA PQP ,0
"Curso Gratuito de Prevenção ao Suicídio:

Promovido pela Escola de Saúde Pública do Paraná, em parceria com a UFRN, tem como objetivo qualificar e promover a reflexão sobre o manejo dos casos de comportamento suicida, em 65 horasaula pelo sistema EAD. 
 ",0
"não eh superioridade não, eh minha gastrite mesmo q só falta me matar ",0
 a minha falta me matar,0
 quer me matar né ,0
Hj eu quero morrer,1
"q vontade de me matar logo, n aguento mais",1
"CPI do covid parece o esquadrão suicida, chamando Renan Calheiros para ser o relator",0
que isso minha playlist só propondo kpop ballad quer me matar,0
 Vou me matar,1
quero morrer pqp,1
 Vai dormir pra sempre kkkkk,0
essa mulher vai me matar ,0
minha mae gai me matar pra que q eu fui abrir a boca,0
"queria cometer suicídio hoje, mas um suicídio diferente sabe? suicídio voluntário",1
Será que ela tá querendo me ensinar ou me matar? Rsrs,0
"Aula acabou mais tarde pq minha sala infantil tava levando sermão e EU PERDI A LIVE DA TINA

VOU ME MATAR!!!!!!!!!",0
EU VOU ME MATAR ,1
 Aí vc quer me matar de indecisão mskskssk,0
"Quase duas semanas direto com dor de cabeça, acho que o Tico e o Teco cometeram suicídio",0
Vou me matar,1
Tem dias que quero morrer e hj é um desses dia,1
"Um dia o orgulho que eu sinto de você vai me matar, pela sua capacidade de se reinventar, seus sonhos são tão palpáveis por conta da força de vontade que coloca neles, que todo mundo que te ouve falar consegue enxergar você lá um dia. Eu torço tanto por você, pela sua felicidade,",0
 Eu quero morrer,1
sempre chega esse horario e eu quero morrer,1
"Ela vai me matar de anciedade
Como amo essa fic ",0
" O universo quer me matar mas n faz um carinho n paga um jantar n manda áudio do filtro labial 
Foda isso",0
Quero morrer machuquei quem eu mais amava nesse mundo mano,1
MDS meu primo ainda vai me matar do coração ,0
 LDBQORQOHRQOHE ela n chegou a me matar mas ficou me atazanando a partida inteira com a porra da ult dela,0
" Ela vai me matar, mas eu gostei da ideia kkkkkkkkkkkkkkkkk",0
"Meu padrasto vai me matar de fome. Ele quer comer feijoada e ainda não vou comprar as coisas, não vamos almoçar hoje, vamos jantar apenas",0
vou cometer suicidio egoista,1
tentei me matar mas esqueci que tenho 7 vidas affff q saco,1
 Dante. Eu já tava indo me matar e vc aparece. Obrigado. Estou feliz.,1
Aí eu quero me matar por não conseguir fazem nem a metade doq me pedem. Vão tomar no cu,1
OMG EH ALBUM (((( BILLIE VC VAI ME MATAR DO CORAÇAO MULHER,0
MEU DEUS A BILLIE VAI ME MATAR ,0
"John. Você sempre fez parte dessa família, e se você se sair bem, todos nós sairemos também.

Fonte: Thirsty

Vale lembrar que John Cena viverá o personagem Pacificador, tanto no novo filme do Esquadrão Suicida, quanto em sua série solo. (33)",0
"filme de terror:

Carla: eu não quero morrer meu Deus porém se for da sua vontade me leve em seus braços.

Camille: obrigado Carla, já entendemos que vamos morrer.

Eu: calem as suas malditas bocas pq eu preciso arrumar um jeito de nos salvar.",0
meu pai vai me matar pelo amor de deus pq eu fui falar aquilo agr a satisfação passou,0
"Daqui a pouco a NaClara vai querer me matar, mas ela que lute  ",0
 suicídio?,0
essa menstruação vai me matar,0
billie vc vai me matar,0
ja tenho meu motivo pro suicídio hoje,1
Bossa nova BILLIE EILISH VC VAI ME MATAR MULHER,0
"Óbvio que quando o assunto ressuscita não é bom, aumenta hate e etc, mas pqp, completamente desproporcional esse surto. Tem fã que o coracao não aguenta caralho, vcs querem me matar?!",0
 eu quero me MATAR,1
"hoje é meu fim, certeza, a cólica vai me matar ",0
vontade de me matar,1
O Esquadrão Suicida: James Gunn compartilha novas imagens da equipe  ,0
"Renan Calheiros sendo relator dessa CPI é o suicídio político do Bolsonaro, principalmente porque ele tentou ser a pedra no sapato de um cara como Renan que é cafetina velha nesse cabaré chamado Brasil.",0
"    Ela só tem um álbum, e ele foi feito baseado na realidade vívida por ela na época, girando em torno de depressão, suicídio, transtornos mentais e incertezas. Talvez em outros álbuns, ela inove. Mas não acho que ela vá abandonar essa essência melancólica, já que é uma marca",0
minha perna tá tremendo muito meu deus essa billie ainda vai me matar,0
"O meu encontro com a misericórdia de Deus me fez perdoar as tentativas de suicídio que eu cometi.

Hoje, às 21:30 no programa Gente de Fé você vai conhecer e se emocionar com a história de vida do Pe. Lício Vale.

Sintonize nosso canal ou acesse  ",0
Aulas vão me matar ,0
" minha gata só falta me matar, é pq ela não sabe empunhar uma faca",0
"meu celular pegou fogo, SOCORROOO. minha mãe vai me matar  ",0
gente o moço botou uma película horrive no meu celular vou me matar,0
"o tema da aula hoje vai ser ética, família e suicídio, vamos de citar aquele filme triste turco que não posso citar o nome aqui pra não dar spoiler",0
"amo trabalhar a mente pra me sentir atraente e gostosa. transparecer q só quero morrer é cringe, ainda mais por motivo besta",0
"tem uma mjna q trabalha cmg q ta tentando me matar desde o início da pandemia

tava com covid nao falou nada
depois o namorado tava com covid ela nao falou nada
agr o irmao q mora com ela tava com covid e advinha??? nao falou nada",0
" Cuidado!! Eles vão achar que vc sugeriu o suicidio do Chorume!! E como ele é limitado, realmente é uma ameaça a vida dele kkkkkk",0
meus vhope eles sao meu tudo eles ainda vao me matar de amor eu to morrendo de saudade desses dois ,0
eu falo sobre me matar no twitter tem 30 anos eu n aguento mais falar falar falar e n fazer eu n mudo eu to tentando tudo que da pra mudar mas n consigo entao assim qual o sentido disso tudo,1
quero morrer,1
eu terminei tear de prata e só tenho uma coisa a dizer: a autora quer me matar de tristeza.,0
eu vou me matar ,1
"Como diria a Manu, se minha intensidade ainda for me matar, eu prefiro ser poesia e ter histórias pra contar",0
"agr eu tenho um cartão lindo no nome da minha mãe, esperando ela chegar em casa pra me matar ",0
"Eu quero que Camila fique, estou votando um pouco, agora me matar em votação só quando Juliette tiver.",0
"Jesper é o personagem mais chato e inútil da série
ele aparece em cena eu quero me matar",0
"Fui comprar um kilo de carne de sol e deu 44 conto, pensei que o cara tinha me enrolado e a conceica ia me matar, mas a porra do preço é esse mesmo

44 fuckings reais em um kilo de carne de sol",0
tão tentando me matar no trabalho... ar condicionado gelado do caralho ,0
"  Olha isso n é merda, é uma coisa legal, vc evitou um possível suicídio. Foi muito legal o que vc fez!",0
"Eu só quero morrer, assim fica todo mundo bem",1
" só você me matar, eu volto p puxar seu pé",0
 AAAAAA rosinha cuidado pra não me matar do coração ,0
hmm vontade de me matar ,1
 eu tenho depressão e vou me matar em breve,1
Olhando minha nova plataforma de treino e meu deus a Tabatha vai me matar,0
Feliz por estar com pensamentos positivos e não ter pensado em suicídio hoje,1
quase todo dia um suicídio na terceira ponte... triste demais,0
"Fotos de O Esquadrão Suicida divulgadas pela Total Film.

O filme de James Gunn tem previsão de estreia para agosto. ",0
hj to suave só pensei em me matar 228 vezes,1
tomara que eu não tenha vizinhos bolsonaristas que vão tentar me matar depois de me ouvir gritando,0
eu vou me matar a lara é o ser humano mais precioso da face da terra ,0
"não aguento mais só estar viva e não aproveitar a vida, eu quero morrer.",1
"nas 30 páginas que li de bom dia, verônica já teve suicídio, necrofilia e violência doméstica",0
"vou me matar, quem apoia?",1
"Não acredito que a morte da goo hara tenha sido suicídio, não depois de tudo que ela passou. Acredito na possibilidade de ter sido um homicídio. E também, fico pensando sobre o ex namorado dela que batia nela, pode estar muito bem envolvido na morte dela. Isso me faz refletir mt.",0
"Eu amo o oceano, não ligo se tem bicho esquisito e que poderia me matar eu não consigo não amar o oceano",0
"Pessoa: me encara 
Eu: encaro de volta
Pessoa: continua me encarando 
Eu: fudeu vai me matar crtz",0
"eu acabei de escrever isso, depois de confessar pra minha mãe que eu quero morrer.. :( 
eu tô cansada, eu não sei mais se eu consigo seguir em frente ",1
"n ta dando k sem esperanças elas ontem vc que tem que virar a pagina vc é capaz de mudar seu rumo a terapia e o remedio auxiliam mas VC precisa se aceitar e tentar metodos de evitar punição 

eu agr: hahaha me matar lentamente haha",1
essa cólica um dia ainda vai me matar,0
"eu não acredito no que eu fiiiz, minha mãe vai me matar",0
" Alguém sabotou o prego que tava segurando o relógio, tentaram me matar tenho certeza",0
" oi, vc tá qrendo me matar é isso?",0
 Suicídio de uma garota,0
Legitimamente engatilhado ao ver isso porque sonhei que tava dirigindo um carro da Nintendo e o Mario tentou me matar cortando a transmissão dos freios ,0
e a pró vida do tik tok que acabou de mandar eu me matar,0
"  não só ela como todos que vão sair de lá né? julgaram a viihtube, que já tentou suicídio por conta do hate que sempre recebeu. Julgam o fiuk, que sofre com depressão e tdah, e a lista continua. Juliette nunca recebeu metade do hate que os outros participantes receberam.",0
quer me matar eh pedir p ficar em call,0
BILLIE MINHA FILHA QUER ME MATAR DO CORAÇÃO?????? POIS MATOU. ,0
EU VOU ME MATAR ,1
a cara vou me matar pqp ,1
 Diana eu fui digitar eu quero e meu corretor colocou Eu quero morrer eu tô com medo,0
CARALHO BILLIE VOCE QUER ME MATAR ?????,0
que vontade de me matar serio,1
"Sobre a morte da goo hara, eu não acredito que seja suicídio, não depois de tudo que ela passou. Creio que o ex namorado dela que batia nela, pode estar envolvido nisso.",0
"Médicos e empresários querem distribuir remédios sem eficácia para o tratamento de Covid19 a população carente que tem pouca ou nem uma instituição. 
O nome disso é suicídio involuntário fantasiado de ajuda. 
Médicos NÃO tem autonomia para matar",0
"eu quero morrer. q dor, meu Deus, q dor.",1
quanto eu tenho que pagar pra alguém me matar?,1
"sério oq eu mais temia está pra acontecer, eu quero morrer pqp q ódio",1
to vendo o produce 101 e meu deus do céu eu ia me matar se a kahi falasse assim comigo na frente de todo mundo kk,0
Eu quero morrer com tanta fofura ,0
 vou me matar,1
Essa tristeza ainda vai me matar,1
 nossa eu vou me matar,1
esse livro vai me matar de vergonha alheia,0
"me tranca dentro do quarto esperando a depressão me matar , eu tenho uma vida q se chama Welton é ele mas q ngm precisa de mim !!!! Então vão tmnc e me esquecem ...  AH QUE NA REDE SOCIAL E TOTALMENTE DIFERENTE DA REALIDADE, VCS QUER QUI EU FIQUE COMO ? MORTA DENTRO DE CASA ",0
"AAAAAAAAAAAAAAAAAA EU QUERO MORRER
",1
só assisti esquadrão suicida entao... ,0
eu te amo billie mas vc vai me matar de ansiedade,0
vou ter que adiar meu suicídio viu,1
amo vou me matar é uma merda,1
Esse tipo de tweet no horário do almoço cheio de fome ainda vai me matar um dia ,0
"pai vai me matar, real",0
to enjoada quero morrer,1
totalmente ansioso  totalmente pensativo suicídio,1
"Puta que pariu maluco, eu quero cometer suicídio ",1
o que é suicidio mental? na natureza existe uma bacteria que pega incetos e animais mata e eles apos mortos continuam andando vuando com inteligencia mas vao infectar outros seres para se tornarem mortos vivos zombies tambem.,0
eu só quero morrer sumir de mim,1
"quer me matar é quando terminam de comer e largam o prato em qualquer lugar, q ódio",0
A MINHA TPM VAI ME MATAr,0
 BIBI EU VOU ME MATAR JURO,1
"pais to triste
é o celular
pais to com depressão 
é o celular
pais quero me matar
é o celular",0
perdi metade dos potes aq de casa mamãe vai me matar,0
o gustavo só falta me matar por causa disso ,0
"Junior vai me matar, meu cabo do carregador já tá com mal contato faz nem 1 mês que ele comprou p mim",0
tô mt triste q tu n gosta de mim ó vou até me matar,0
Se minha tpm não me matar minha rinite mata ,0
"Sábado eu disse que ia acabar com a minha vida de tanto beber e um guri aleatório disse a seguinte frase:

Quer acabar com a tua vida se envolve comigo 

Não faço ideia do que ele quis dizer, mas naquele momento eu decidi que queria viver por mais 100 anos",0
 palavras n conseguem expressar o quanto eu quero morrer vendo isso,1
Minha avó vai me matar do coração ainda,0
"eu: quero morre n aguento mais essa vida d cachorro 

conheco uma nova pessoa nas redes sociais

eu: suicidio adiado",0
eu quero morrer ,1
que inferno quero morrer,1
 suicídio comunitário,1
"A minha rotina diária é muito simples, eu acordo e quero morrer.",1
Meu deus a mamãe vai me matar,0
que droga eu quero morrer,1
"Eu odeio que me liga, no geral, mas me ligar pelo WhatsApp é pedir pra me matar do coração de ódio.",0
"Acho que Wonder Egg Priority, sla... Fala sobre suicídio na adolescência, traumas e essas coisas ",0
   eu vou me matar,1
"Alguém me ajude, eu não sei mais oq fazer, a cólica vai me MATAR AAAAAAAAAAAAA",0
mej deus eu vou me matar,1
vou comer muito hoje pq eu vou me matar hoje anoite,1
ela vai me matar ,0
Namoral eu vou me matar se eu não resolver nada,1
  quer me matar?,0
Dei uma volta de moto c o Vagner domingo e a casa 1 minuto eu falava p ele não me matar KKKKKKK,0
quando eu digo que quero morrer é isso que eu quero ,1
Nossa quer ver me matar é fazer ignorância com a minha vó,0
" Ahh ta ai, realmente mas so pra falar com caixa e atendente quero morrer, de resto mo legal",0
 A CPI da Covid parece o Esquadrão Suicida de Brasília. Chamaram os piores bandidos para tentar pegar outros bandidos.,0
quer me matar do coração só pode kkkkkkkkkkk,0
 luan eu quero morrer ,1
O Esquadrão Suicida ganha novas imagens ,0
Mds quebrei o prato chique da mãe ela vai me matar socorro,0
"Um mano ali, falando que vai me pegar e vai me bater, me matar, vai fazer tudo de ruim. Eu passo perto do brabo, ele falta comprimentar kkkkkkk",0
A Marina deve estar querendo me matar!,0
 e a cada 5min planejando suicídio,1
quero morrer,1
cheguei na minha vó e ela ta querendo me matar pq diz ela que ela só atrasou o almoço pq tava tik tok e que ela agr ta viciada,0
"isso tudo pq tô com o óculos antigo que tem o grau errado, não enxergo porra nenhuma e a ótica ta me enrolando horrores pra enviar o novo devem ta esperando eu terminar de me matar eu acho",0
"minha vó saiu e pediu pra eu fazer alguma coisa mas agora não lembro o que foi
ela vai me matar KWJDJSKKXSJHXK",0
"Qeria MT ter um crocodilo de estimação, que não quisesse me matar",0
vou me matar.,1
Eu quero me matar ,1
"Minha vó prefere que eu pague van pra ir e voltar do dotti pra chegar em casa e me matar pra comer rápido pra dai pegar ônibus pra ir e voltar do trabalho, doq me colocar no ps que é só eu pegar o ônibus de manhã e de noite e já tudo pronto só falta os papel, a vai se fode",0
to deixando bem claro que eu não gosto da elena e acho ela sim uma personagem podre......eai vai fazer o que?? me matar por ter opinião propria??????,0
quero morrer,1
"kk 9vinha que papo é esse de suicidio?  condições hein, ce é mo limda para com isso",0
fui no mercado e voltei destruída.. sério esse sedentarismo vai me matar,0
"depressão, ansiedade, labirintite, pressão baixa, morte, suicídio, me atirar de um prédio  ",1
 quero morrer nao to zoando,1
Itzy maluquinhas não pode me matar assim do coração,0
pq vcs querem me matar ?,0
"meu jogo ta simplesmente crashando justo na cena final

eu quero morrer",0
nossa como é bom estar de tpm vou ouvir o evermore agora e me matar,0
quero morrer,1
quer me matar é eu pedir opinião pra uma pessoa e ela responder com escolhe o q vc se sentir melhor,0
 vou me matar,1
"desenhei a garota que vai me matar de ansiedade vulgo billie eilish 
 ",0
vou me matar ,1
Mds Alysson vai me matar do coração kkkkkk,0
"Postei as dança no insta, fiz o famoso SUICÍDIO SOCIAL, ABRAÇO A TDS",0
"9 provas em um dia:

27042021 09:56 Carla Camile: suicídio tá cada vez mais perto",0
"e a minha família que todo mundo quer que eu e o gustavo tenhamos filhos agora kkkkk, pelo menos se acontecer sem querer ninguém vai querer me matar kdkckdkc",0
q dia horrivel quero morrer.,1
"Eu admiro ver as pessoas que ainda tem expectativa para o futuro delas, porque pra mim se eu não me matar daqui para o final do ano eu saio ganhando",1
mae se seu plano eh fazer eu me matar continua q ta dando certo,1
" vou me matar aq rapinho 
já volto",0
 Kkkkkkkkk aí elas querem me matar,0
Veja os usuários que acessaram seu perfil agora ,0
"estou a gostar bwe de passar a maior parte do tempo a pensar em ti, principalmente quando estou a conduzir, se queres me matar avisa caralho",0
 vai me matar de rir caraio,0
"essa cólica vai me matar, certeza ",0
pensando em suicídio mais do que eu gostaria,1
"Não consigo pensar mais pra estudar, e quando penso a labirintite ataca e eu fico tonto e quero morrer.",0
o siso vai me matar,0
"Lá em casa eu quero ser a Super Nanny que ensina tudo com calma mas infelizmente é tudo ao contrário eu grito bato Xingo chamo nome ruim acho ate vou infarta no final ainda falo vc vai me matar quem me deixa assim uma criança abençoada 
 Tem 6 ano ",0
"

Que dupla.",0
 eduardo eu vou me matar,1
namoral me matar de fazer prova pra ganhar 5 ponto é de fuder viu,0
meu refluxo ainda vai me matar kkkkk acabei de me afogar c minha própria saliva meudeus,0
ó senhor esses velhos ainda vão me matar de preocupação,0
"Quer me matar? Escreva meu nome com K , PORRAAAAAAAAA é Carol com C.... C de caralho ",0
 Não porque existem pessoas como você que ainda recorrem ao suicídio quando precisa de alguém para falar e se afasta de todos porque não quer ser um fardo para ninguém sendo que você não é fardo nem para a Bettinha,0
Um dia Lewis Hamilton vai me matar do coração com esses stories ,0
" HAPPY BDAY NEIRU

honrando o time pra ninguém me matar dps",0
" É esse mesmo, eu só queria me divertir sendo ruim em jogos. Mas os viciados de anos tem que me matar 10x na partida.",0
" Só quero morrer, oq acontecer com o corpo depois tanto faz",1
bo dia quero morrer,1
Meus pais só começaram a saber dps de uma tentativa de suicídio ,1
só quero Morrer,1
  Cogitando suicídio,1
tive uma crise fudida ontem e agr minha mãe n quer me deixar sozinha achando que eu vou me matar,1
Adriane vai me matar quando ver as fotos que eu postei no status ,0
  ent o prato so cometeu suicidio mesmo,0
"Tia Lu fez um empadão,que nao deixei nada pro Gabriel kkkk ele vai me matar",0
PORRA 30 DE JULHO SÉRIO BILLIE EU VOU FICAR 30 DIAS ESPERANDO ISSO VC TMLC QUER ME MATAR PUTA ,0
Quero morrer,1
 indo cair de cara nas drogas e cometer suicídio antes de eu completar 18,1
"não vem com essa história pro meu lado de me mandar assistir uma série, e ela só ter uma fucking temporada. quer me matar me da um tiro",0
" Antimogais são pessoas que se mobilizam contra mogais. Já fiz uma thread explicando o que é, caso você queira.

E os ataques estão tão pesados que envolvem até crimes, como indução ao suicídio. Tem uma pessoa trans preta e lésbica que está sendo alvo muito forte desses ataques.",0
"Sol vai me matar com suas observações, estarei deixando avisado aqui..",0
Vou me matar fodase,1
quero morrer!,1
"achei errado a DC tirar o coringa do esquadrão suicida, era so fazer um coringa que se descobre gay. pronto atualizou tudo ",0
"X: você gosta de Justin?
Yuta: sim, eu gosto de Justin...por causa do Mark, ele sempre tá ouvindo Justin Bieber 

 EU TO MORTA PASSANDO MAL QUERO MORRER ",0
"  Yarichin não é tóxico, só os personagens que fazem piada com suicídio e querem pegar o protagonista mesmo ele dizendo que não quer e se sente desconfortável, mas tirando isso não é, super saudável",0
amanhã vou na psiquiatra serio se eu tiver no mesmo estado que hj ela provavelmente vai me internar ou eu vou me matar antes de chegar la,1
esse pessoal falando pra eu ir na campanha de vacinação tão tudo querendo me matar,0
sonhei que o Hulk queria me matar (?),0
 vou me matar ,1
 Meu santo rakin Lena se quer me matar do coração...  tá tão perfeitinha aaa,0
"   eu nada. tô só falando as verdades nessa rede. a milícia dos cactos vai me matar em breve, mas não tenho medo dessa organização criminosa é fedorenta",0
 eu quero morrer sério ,1
 A MUSICA DO ESQUADRÃO SUICÍDA SWRII ,0
 Lembrando aqui que comi doce de leite também. Vou me matar,0
"terapia da muito trabalho, vo de suicídio",1
Suicídio.,1
Faz uns 5 dias que eu não penso em me matar será essa uma evolução???,1
que medo eu quero morrer pfv deus,1
"ai que vontade de me matar, que saco",1
esse cb vai me matar sim,0
Mais um dia cancelando minha aula de violino. Meu professor vai querer me matar,0
billie eu te amo mas vc quer me matar de ansiedade,0
Na real  eu nem quero morrer de verdade eu do quero q eles se sintam culpados e parem e me tratar feito lixo,1
" com a dor de garganta que eu tô, se me matar eu vou agradecer kkkkk Brinks, pq ?",0
por que que isso ta acontecendo cara kkkkkk QUEREM ME MATAR,0
"ai acordei triste, vontade de me matar",1
Quero morrer,1
"Hj um cara de 20 anos cometeu suicídio na minha cidade, isso foi tão pesado, eu quase não consigo fazer uma atividade q tinha q fazer, é tenso...",0
 de um serial killer me matar no banho enquanto eu to com sabão no rosto,0
tentando entender quem são essas pessoas e quais delas querem me matar,0
   Suicídio puro kkkkkkkk,0
vou me matar ,1
só 30 de julho quer me matar billie,0
"   Perai phabell, cê quer me matar?",0
vcs querem me matar fala logo ,0
" Você acha que a raça de evangelicos foi exterminada? Tem mt gente q nao bebe nem fuma, por isso o indice de suicidio ainda é alto",0
um dia essas montagens vão me matar do coração ,0
E eu que sonhei que o Thomas shelby queria me matar kkkkk,0
vou me matar ,1
Acordei com uma foto dessa quer me matar Shawn Mendes??? ,0
 Quer me matar é beber água igual pato ,0
MEU DEUS MEU DEUS EU QUERO MORRER MUITO MUITO MUITO,1
Se eu n comesse guacamole hj acho q minha lombriga ia me matar,0
"  vou me matar pra conseguir, mas vamos conseguir!",0
"Me passam uma tarefa complexa: Resolvo de um jeito supreendentemente fácil.
Me passam uma tarefa simples: oi, quero morrer",0
Eu acabei de ler que CLEÓPATRA ERA RUIVA KKKKKKKKKKKKKK QUERO MORRER ! Cancela o EP aí gente,0
Eu pisei na bola real agira eu quero morrer  não acredito que eu fiz isso akdnkaks eu sou um fracasso ,1
 Tá querendo me matar né,0
quero morrer,1
indo me matar ,1
   vou me matar,1
 Que inferno de desgraca é essa meu deus que horror vou me matar,1
"a ed física hoje tentaram me matar viu, levei chute na canela, cutuvelada na garganta, tô toda arranhada, meteram um murro no meu peito, tô é morta",0
ITZY VCS VÃO ME MATAR CM ESSE CB PUTA Q PARIU,0
"Gente eu to sem acreditar, minha pressão ja caiu, eu ja surtei, eubja gritei, eu ja pulei, billie ainda vai me matar serio ",0
acho q minha cachorra quer me matar ,0
" Dm, to com medo de aniplex me matar Kk",0
carol Borba vc quer me matar sim ou sim,0
  tá querendo de tristeza me matar a essa hora ???:!:!,0
"Riley não lidou bem com o término, tentando contatála enquanto ela insistia que a deixasse sozinha. Após Gaul tentar suicídio por overdose de remédios e sobreviver, situações inusitadas passaram a ocorrer com Emma, cujos resultados eram encontros com o ex. ",0
"O crime que esses governadores, prefeitos, juízes, fiscais e procuradores tiranos e psicopatas estão fazendo em massa com o povo: perseguindoo, humilhandoo, prendendoo, falindoo e levando ao desespero e ao aumento do suicídio, tremem as portas do Céu!
",0
"Se Bolsonaro optar pelo suicídio, Noblat deveria imitalo. Mas para que esperar pela vergonha da próxima publicação? Por que não fazer isso hoje, agora,neste momento? 
Para o bem dos leitores do Brasil, nenhum minuto sem Noblat será cedo demais. 
Absurdo se alguém escrevesse... ",0
eu sou tao irresponsável quero morrer,1
"caralho mano quero me matar real, n aguento mais",1
30 de julho billie???? você quer me matar??,0
Eu tô na casa da minha amiga e ela falta me matar de fome,0
   pq vc ama me matar hein,0
"quero morrer, ele tá tão perfeitinho nessas fotos, renjun vc é tudo entenda ",0
"takemichi: mikey nao se mate
mikey: nao vou me matar obrigada
saem felizes E Juntos takemichi tropeça e cai",0
" BSD spoilers ?  enforcamento  suicídio 
.
.
.
.
.
.
.
.
.
Mano ele fez o Ace acreditar q tava dentro da mente dele e ele acabou se matando achando q ia sair de lá... caralho... 

Mas esse Ace era chato pra caramba tbm... metido insuportável ",0
"se vc quiser... 
sinceramente? eu só quero morrer",1
      Que bela história sobre suicídio,0
" pior q penso em ser prof real...
mas no Brasil, pensar isso é quase um suicídio",0
"Revi o vídeo que eu fiz quando cria pra Restart e pela primeira vez não quis me matar de vergonha, pelo contrário, me achei a coisinha mais linda do universo, superei essa merda, GRATIDÃO",0
"Porque NÃO cometer suicídio: sua mãe vai ficar triste e você vai pro inferno.

por outro lado, se você for pro inferno tu vai poder assistir show do Lil Nas X",0
 os emo quer me matar,0
30 DE JULHO BILLIE EILISH VC QUER ME MATAR DE CURIOSIDADE,0
" eu quero morrer tanto quanto qualquer um aqui, mas meio cringe esse bagulho de romantismo",0
" não amg tipo suicídio, drogas, gore esse tipo de coisa",0
 Apioar o PT é apoiar o suicídio do Brasil depois de tudo que escancaradamente vimos acontecer. Meu voto jamais terá quem ficar do lado da corrupção provada.,0
"era só uma pílula que fizesse a gente ficar gostosa 
n aguento mais me matar nesses treinos, scrr",0
Minha nossa senhora ter que ler isso em 2021 é muito suicidio  politico trabalha com o que ento????   ,0
ESSE EPISÓDIO VAI ME MATAR DO CORAÇÃO,0
"Easter Egg: no filme do Esquadrão Suicida, se você reparar bem, tem o rosto de um nóia tatuado no coringa do Jared Leto.",0
 EU QUERO MORRER,1
"Se quer me matar de curiosidade, me manda Oi tudo bem e some.",0
a lágrima caindo ali meu deus vc quer me matar Billie Eilish? ,0
Ainda deitada essa dor nas costas vai me matar,0
tô do lado da casa do joão será que se eu for lá almoçar ele vai me matar?,0
medo de voltar com o ccat e mandaram eu me matar que nem da última vez ,0
 não sei com o que você quer trabalhar mas na maioria dos empregos isso é suicídio profissional,0
VOU ME MATAR EU FALEI 0,1
"Maya vai me matar, mas fazer oq",0
e eu tb n vou me matar p pagar uber toda vez saio p qualquer lugar. não adianta fazer mais dívida pq eu sei q n posso pagar uber. teve época que eu saia 4h antes do horário da faculdade e mesmo assim eu chegava atrasada,0
Quer me matar é eu estar na moral e insinuar algo sobre mim,0
O LIAM QUER ME MATAR NÉ??? SÓ PODE,0
mazikeen smith um dia ainda vai me matar do coração.  ,0
Legal vou me matar,1
"quer me matar, só pode ",0
 gosta de me matar do coração ,0
a pucsp ainda vai me matar,0
nossa a daianny vai me matar,0
saudades fevereiro quando só existia sonho erótico agora só sonho com gente tentando me matar voti,0
mds minha mae vai me matar,0
"n sei vcs, mas o suicidio me atrai bastante",1
MEUDUUS BILLIE EILISH MEUDEUS VC ME SALVOU E VAI ME MATAR DO CORAÇÃO MULHERRRRRR,0
"Estou bem? Não 
Vou estar bem em breve?provavelmente não 
Pretendo me matar? Sim
Vou dizer o porque ou tentar continuar viva? Provavelmente não",1
quero morrer,1
  Minha mãe ia me matar,0
"O INSTAGRAM QUER É ME MATAR DE SUSTO, SAPORRA!?
EU FIQUEI GELADINHO  ",0
Friozinho bom pra cometer um suicídio,1
" sisu vai me matar do coração, n guento mais esperar",0
 Kkkkkk não tem como ela me matar se eu não entrar na aula,0
ela vai me matar ainda ,0
"eu vou continuar sendo solo e apoiando o trabalho do ot6 msm vcs me xingando, dando unf, mandando eu me matar e o carai a quatro",0
quero morrer,1
A Billie e a bibi tão combinando pra me matar for coração não eh possível,0
música quinta e álbum novo ela qr me matar pqp,0
"nunca passei tanta vergonha na minha vida igual hj pqp ,quero me matar dps disso",1
"já que suicídio é pecado, alguém me dá um tiro rapidin",1
Eu escrevendo sobre suicídio e minha mãe passa sem ler nada e fala  Ih oq vc tá escrevendo? Uau disso aí sai um livro ou uma musica? Uiuiui ,0
" , da uma lida no contrato de locação de apoio do  vê se tem escrito apoio incondicional? Pq apoiar  a essa altura é suicídio político, o  vai confirmar isso mais pra frente.",0
fodase eu vou me matar,1
Acordei e vi um rato suicida,0
 Já quero morrer há um tempo mo ,1
" : já stalkeei?: simm
: gosto de você?: d, d
: shippo com: 
: confesso que: fiquei com medo da Letícia me matar por querer amigar com vc 
: ppp: passo",0
ai eu quero morrer,1
"essa lua em escorpião vai me matar, tenho absoluta certeza",0
"porra eu não quero voltar pq eu não quero morrer, nada mudou, ngm perdo dr mim tá vacinado é obvio q eu vou ter crise de ansiedade me expondo assim ",0
BILLIE EILISH VOCÊ AINDA VAI ME MATAR AMDNDIFN,0
essa serie ainda vai me matar ,0
 Eu jogo de lux e ainda n achei nenhum zed digno de me matar e namorar cmg,0
"Tomei ivermectina pela 1a vez na vida qd tive sintoma de covid e agr q tô boa n tomo nunca mais, eu gosto de manter os vermes na minha barriga que aí eles comem oq eu como e eu emagreço

Acabei de ouvir uma mlr falar isso aqui e agora eu só quero morrer",0
quero morrer,1
"a juliette é chata pra caralho, reclama de tudo, chora e fala demais

Falou o tuiteiro, reclamão, chorão suicida, drogado e bebado q o mundo acaba qnd o Twitter cai",0
jogando jogo de fazendinha pra esquecer que eu quero me matar ,1
nem precisa mandar eu me matar eu ja faço isso cmg msm todo os dias,1
 não quero morrer ta doida,0
"Eu lavo louça e banheiro de boa, mas eu quero morrer na hora de estender roupa. WHYYYYY ",0
 amiga acho q foi uma tentativa de suicidio,0
RENJUN VC É O MEU FAV DO DREAM PRA Q ME MATAR DESSE JEITO???? EU TE AMO UAAAAAAAAÁ ,0
txt vcs vão me matar sério não aguento mais esperar q odio eu to muito curiosa ,0
 Ia literalmente me matar de rir (),0
Eu deixaria o Dexter me matar,0
Quando a colega tá aqui são no máximo 7 consultas hj eu já lancei uns 15 kskskskskssk vão me matar eu tô sentindo,0
"A revista Total Film divulgou novas imagens de O Esquadrão Suicida. 

O novo filme da DC estreia em 6 de agosto. ",0
" e eu que li tentar não me matar né
e eu quase respondi tô assim tbm
manoKKKKKKKKKKK",0
 toda vez que tu aparece na tml eu quero me matar apaga isso agr apague,0
eu vou me matar ,1
esse negócio de dia das mães vai me matar de ansiedade eh sério,0
 Eu quero morrer,1
" fala isso nao, vou me matar",1
que caralho de  tem comigo vsf fica crucificando ja quero morrer e ai ficam ai botando lenhw me apedrejando que porra,1
Michael Myers veio me matar mas daí tava tocando sharp dressed man e agora estamos dançando,0
Sonhei q aquele Allan Jeon tentava me matar me enforcando no meu quarto ,0
"nao sei se isso é só idiota pra caralho, mas eu amo colocar um monte de coberta no chão (nao quero morrer de frio ainda) e espalhar todas. deitar e ficar com todos meus cachorros, ficar vendo o céu, a chuva, enquanto eles dormem e acabar dormindo também ",0
quero morrer mas itzy te amo é nois,0
A Billie saindo da era QUERO MORRER pra era MAIS FALIZ QUE NUNCA ,0
"isso ainda vai me matar KKKKKK pprt 
 ",0
"Eu quebrei essa merda desse botão, nss eu vou me matar",0
acho que suicidio e sim a melhor opção,1
" Tmb já sofri bastante , mas me matar nunca . Se matar não tem volta.",0
Fabiano vai me matar? Vai me matar! Mas eu vou comprar uma torneira gourmet monocomando kkkkk,0
  vou denunciar seu tweet por manisfestar intenção de mutilação e suicidio sua puta sua conta vai cair em dois segundos,0
"minha mãe vai me matar na hora que descobrir oq eu comprei ou vai ficar feliz e eu n vou ficar de castigo, medo de ficar de castigo KKKKKKKKK",0
" vc quer me matar só oq me faltava né, coração chega parooou",0
"Menos penal gente, penal não deu na prática, não quero morrer ",0
apetece me matar toda gente? sim,0
"Vou, se a coca não me matar o Bolsonaro mata ",0
draco vai me matar eu vou morrer dnv mlk,0
"Eu sinto mt sdd da aula presencial, mas n quero voltar ainda pq n quero morrer  ",0
"Eu esqueci que não posso me matar ainda, ano que vem vou fazer tour pela europa",0
"Peguei o Pc da minha irmã emprestado e fui inventar de fazer um upgrade na Ram do note e dei curto no terminal 
Pelo amor de deus 
Meu pai vai me matar fudeu",0
"IMAGENS INÉDITAS DE ESQUADRÃO SUICIDA? Temos! 

O portal  divulgou uma série de imagens inéditas do filme que estréia em julho deste ano. Além do grupo de antiheróis, podemos ver os bastidores da direção de James Gunn.

E aí, tá ansioso? Se liga só! ",0
um dia o Alê vai me matar do coração ,0
 Quero morrer,1
de madrugada meu gato tentou me matar ele pisou no meu pescoço,0
AMASSEI O THOME ELE ME DEU 150 FALOU Q FOI FACIL E TEVE A PAUSA A MSC P ME MATAR,0
 Me manda a música? Eu ainda n vi. Quero morrer de ciúmes pelo meu marido,0
  ent a solução mesmo é o suicidio,1
"  Bah sor, não é mal vontade não, é que tem duas resenhas pra essa semana e mais um livro que a gente vai ter que escrever pra português, eu estudei o geral da tua matéria e fiz um texto, p mim n vale a pena essa semana me matar por dois pontos, se não tivesse nada pra fazer blz",0
" A direita: não critica o Bolsonaro pq o PT volta
A esquerda: não bate no Lula agr que é suicídio
Bolsopetismo vindo runfante",0
"puta q pariu essa desgraça vai ganhar 1,5M quero me matar, tem pior ainda nos comentarios desse tweet ",0
"primeira luta com o mundo, não quero morrer.",0
"A TACIANA TINHA UMA FILHA QUE ERA MUITO GATA E DEPOIS ACABAMOS FICANDO DE DENGO E ELA COMEÇOU A ME PERSEGUIR COM UMA ARMA PARA ME MATAR, MAS QUANDO JÁ NÃO TINHA MAIS LUGAR PARA EU FUGIR LEMBREI DE ALGUÉM ME CONTANDO SEI LÁ O QUE E DISSE PARA GAROTA ME MATAR

E ELA PAROU!",0
stan da jade que não entende uma palavra do q ela fala  eu KKKKKKKKKK juro inglês britânico ainda vai me matar,0
por que eu nunca vejo quando meus pais me ligam mds eles vão me matar ,0
participar desse reality vai me matar ainda juro ,0
" Às vezes no Palmeiras, torcida rima com suicída.",0
"Bom dia, quero morrer",1
nao tenho um minuto de paz acabei de me matar fds estudando pra essa prova de manha e ja vou ter q estudar pra 2 aulas diferentes de amanha,0
"Quer saber o diagnóstico de alguém? Faz uma playlist de 10 musicas com Simple Plan, Evanescence e My Chemical Romance. Se a pessoa souber cantar 8 musicas, ela tem depressão, se souber cantar todas as 10, é suicida",0
  Vou me matar,1
"  Ganhei duas e perdi duas, a outra partida foi eu que me matei então nem adianta bancar o campeão.
Quer levar mérito de matador no suicidio alheio",0
"CCJ aprova 14 projetos, entre eles o de prevenção ao suicídio no RN ",0
Esse TPM vai me matar um dia senhor ,0
"Eu tenho um Deus que não vai deixar essa luta me matar, o desespero me tomar ",0
" 4, mais que isso é suicídio",0
vou me matar ,1
quero morrer ,1
A BOQUINHA E A PINTINHA EU QUERO MORRER VAI SE FODEEEEEE ,0
"Quer me matar? É mentir e eu estar sabendo da verdade.... porra, minha vontade é mandar ir p casa do caralho na hora, parceiro",0
"A Júlia vai me matar de tanto rir, as fotos dela criança são ICÔNICAS",0
NAMJOON TU QUER ME MATAR É ,0
 claro pensei que ia parar um caminhoneiro e me matar kkkkkkkkk,0
eu tava fazendo um destaque no instagram e o aplicativo fechou EU VOU ME MATAR celular lixooooo,0
"  pqp, vou me matar",1
" talvez eu mude pra 1 pessoa, vai me matar?",0
CARALHO GABRIELA VAI ME MATAR DO CORAÇÃO,0
eu vou me matar estou avisando,1
ja posso me matar?,1
"Eu estou PIRANDO com as minhas polaroids  por Deus Karol, a senhora quer me matar? Eu quero colar na minha testa tudo isso! Vou fazer rodízio 
Obg pelo carinho de sempre, saiba que você tmb pode contar cmg sempre  um beijinho gelado e um abraço quentinho  ",0
Bruna só falta me matar pq n sei do find ainda,0
sério louis vc vai me matar um dia não é possível aaaa,0
vo me matar juro llr deus,1
Edivaldo quer me matar,0
meu treinador quer me matar não ironicamente falando,0
  se ela me matar eu agradeço,0
 por favor reagan por tudo que é mais sagrado não faça isso eu tenho família eu sou muito jovem eu não posso me matar reagan por favor,0
" Fui pra uma festa e bebi horrores, saímos 7 da manhã e fui pra casa de uma amiga. Lembrei que tinha que ir pra casa, senão minha mãe ia me matar. Pedi pra minha amiga me levar pra casa de carro, quando chegou no carro eu pedi pra dirigir (bebado, sem carteira), e ela deixou...",0
"eu definitivamente vou me matar, eu desisto de verdade",1
Essa faculdade vai me matar,0
 Faço você rir e você quer me matar? ,0
vou me matar  ,1
 ANA CLARA ELA VAI ME MATAR TE AQUIETA KKKKKK,0
Esse Chelsea vai me matar puta que pariuuu,0
 você quer me matar???????,0
puta que pariu eu tô derramando lágrimas sangue suor esse puto vai me matar eu sinto eu amo ele porraaaaaaaaaaaaaaa shi wudu stan desde sempre,0
MEU DEUS CHELSEA TU VAI ME MATAR,0
Louis tá tentando me matar ctz,0
 tpm vai me matar ,0
 iji q meme de quem vai me matar,0
mdsss minha sogra um dia vai me matar kkkkkkk,0
PUTA QUE PARIU VCS QUETEM MATAR PRORRAAAAA TIRA ESSA BOLA DAI,0
nossa mas eu fiquei tao feliz e contei p meus pais obrigada sisu por quase me matar do coração,0
irei me matar,1
 VOU ME MATAR,1
quer me matar de raiva é ignorância gratuita,0
meu deus eu tenho que aspirar meu quarto inteiro minha rinite vai me matar,0
"Casemiro fdm, quer me matar do coração ",0
vou me matar ,1
Nossa mas que vontade de me matar,1
O Real ainda vai me matar do coração,0
minhas amigas falaram tanto q ia me matar se eu escurecesse o cabelo q a tinta nem pegou,0
"pq CARALHOS meus cf está colocando gnt aleatória, vou me matar",0
"Alerta de gatilho: suicídio 

É fda estar em burnout e ter que prestar vestibularprocurar emprego pq os pais não aceitam que eu parei a faculdade ano passado pq eu já tava em burnout e ia me matar...",0
a estetica de ficar criando cenarios romanticos na cabeça kkkjkk isso vai me matar um dia,0
" Chaesoo do céu, vou ali me matar  ",1
meu deus eu vou me matar eles são muito lindos ,0
 uai ce joga a indireta assim sem mais nem menos vai me matar ainda conta,0
e se eu qm sabe kkkkkkkkk me matar kkkkkkkkk,0
vou me matar,1
eu vou me matar.,1
SÓ QUERIA ME MATAR LOGO,1
"todo dia video no ttk de pessoas falando que odeiam quem fala gritando , ttk quer me matar ",0
os videos te tarô na minha fyp vão me matar,0
"intolerância religiosa com a minha religião: vão me matar, holocausto, campo de concentração
intolerância religiosa com bruxaria (qual?) e paganismo (não é uma religião): tão zoando quem acha que doendinho na garrafa é vivo ",0
A saída de bola desse time ainda vai me matar,0
Chrístyan um dia vai me matar,0
"Eu: Eu quero esse que tá no meio no chão  
Tá doida vc vai querer é me matar pprt kkk  
 
Manoo kkkkkkk",0
MANO MINHA MAE COLOCOU UMA FOTO MINHA ESCOVANDO O DENTE NO FACEBOOK EU VOU ME MATAR EU VOU  ME MATAAAAAAAR,0
" não, vo me matar",1
"Ariel só tem 10 meses e eu peguei ela no segundo degrau da escada, essa garota ainda vai me matar do coração ",0
Quer me matar de raiva é marcar horário e não cumprir. Sem noção demais!,0
A Fadergs ainda vai me matar de ódio.,0
Eu vou me matar.,1
até o final do curso eu não vou precisar me preocupar com o exame da ordem pois o npj dará um jeito de me matar antes,0
o que eu sou se não um monte de merda inútil que não tem 1 qualidade que preste??? eu deveria me matar mesmo,1
 nao aguento mais minha vida e muito chata,1
"A minha professora vai me matar de ansiedade, não tá dando naum",0
ESSE LIVRO VAI ME MATAR,0
hoje a maria luiza vai me matar reclamando do curso de letras ,0
 que issi carla mandando eu ir me matar?,0
JELENA VC AINDA VAI ME MATAR DO CORAÇÃO ,0
minha mãe vai me matar se descobrir q eu n tô comendo e tô fznd exercício,0
Vo me matar,1
Minha mãe tá com um ódio de mim que chega da vontade de me matar,0
"Quer me matar é quando cliente chega com valor alto com nota 510 reais, vai se foder né",0
nada pode me matar porque eu morri quando o pituca e o soteldo saíram do santos,0
 adm é vdd q vc quer me matar de curiosidade???,0
farmacologia um dia vai me matar ctz,0
"quase perdi a aula d inglês pq eu tava quase dormindo, minha mãe ia me matar",0
"Hanker, na próxima vez que vocês quiserem me matar, marquem data e horário! 

 Agradecida",0
 GABI VC QUER ME MATAR DO CORAÇÃO,0
analisando se a aninha e manu vao me matar se eu mudar algumas coisinhas na historia...,0
te falar a verdade nunca achei na minha vida que ia preferir aula de tcc do que história puta que me pariu queria me matar,0
"Estou pilhada nesse negocio de trezentos e sessenta e cinco do Louis ELE QUER ME MATAR DE ANSIEDADE
COME BACK LOUIES
I vote  for  at the  ",0
a gigi existe e eu quero me matar como q pode ser tao bonita assim meu deus,0
a um passo de me matar,1
Os criminosos são  da  e  que roubaram vídeos da minha intimidade e compartilharam em redes sociais. Eles estão tentando me matar para ocultar os delitos praticados. ,0
a rê vai me matar sério,0
EU VOU ME MATAR ,1
minha coluna ainda vai me matar,0
" Zerei mesmo, eles vai me matar",0
"NAO VOU ME MATAR SÓ PRA ASSISTIR PERCY JACKSON

PERCY JACKSON IS COMING ",0
essa garota ainda vai me matar de preocupação,0
tô muito gatilhada quero me matar,1
"Eu preciso saber dessa Fofoca URGENTE, Tipo nao que seja da minha conta mas PFVR VAI ME MATAR POR DENTRO",0
eu vou me matar  ,1
"se esse garoto não me matar de ódio, me mata de susto. tomar no cu",0
 Jesus ! Meu pai vai me matar,0
Se a faculdade não me matar do coração ngm mais mata rsrsrsrsr,0
"Essa solidão vai me matar, volta p mim",1
A academia ainda vai me matar um dia,0
Gente o SM5 ja is coming é nem tem nada dele ainda shawn mendes apenas quer me matar ne,0
tenho que comprar essa camisa do Botafogo se não Bruno vai me matar,0
 ta tranquilo só to indo me matar,1
Queimei a porra do pano de prato minha vó vai me matar quando ela acordar kkk,0
"Meu sonho de princesa foi realizado  
Minha mãe vai me matar, porem eu estou amando ",0
"Cansado de viver essa vida merda, nesse lugar de merda, nesse país mais merda ainda",1
"O Board da  tem que saber que Manfredo Rübens está tentando me matar para ocultar os crimes que praticou contra mim. Peço ajuda, sou ignorada. Ele exige dinheiro, me criminaliza sem provas e aplica medida cautelar, tudo com dinheiro da Basf  ",0
Meu deus a gabi ainda vai me matar do coração ,0
 nossa vc vai me matar pq eu mudei o user puta merda,0
eu juro por deus que um dia essa mulher vai me matar ,0
Se minha lactose não me matar hoje nada mais me mata,0
GABRIELA PELO AMOR DO OLIMPO TODO GAROTA VOCÊ VAI ME MATAR DO CORAÇÃO QUE COISA MAIS PERFEITA E LINDA ,0
" Pelo amor de Deus, você quer me matar? Tô chorando agora",0
A bronca pq tava surtando e minha pressao vai subir hihi eu disse que esses turcos iam me matar hahahahhahahaahha,0
"Eu devo ter desenvolvido 77 problemas cardíacos por causa dessa sessão de terapia

Alguém me matar POR FAVOR??",0
OK agora eu vou ter que atropela todas as minhas leituras pra ler pjo??????? ESSAS ADAPTAÇÕES VÃO ME MATAR,0
 GIA O MAX FICOU COM O CABEÇA DE OVO NO NEGÓCIO DE QUINTA EU QUERO ME MATAR,0
"Meu deus que vontade de me matar, eu não aguento mais EU NÃO AGUENTO MAIS",1
" Eu tava chorando no quarto pq estava pensando em me matar, daí minha mãe entrou e eu desabei pra ela e ela é da igreja e tals. Bom, ela me abraçou e a gente chorou junto",1
meu deus essa mulher vau me matar ,0
Aí q belo dia pra me matar,1
Se eu fosse obrigado a praticamente me matar pelo meu trabalho eu tbm faria o mesmo... Um vírus letal evoluindo a cada dia em um lugar com uma campanha de vacinação que segue a cartilha incompetente do MS não é brincadeira. ,0
vou me matar,1
"em 2017 eu fiquei internade, tentei me matar, ia de mal a pior na escola e eu nem sequer imaginava que eu fosse sobreviver a tudo isso; hoje eu estou aqui, com a minha família, meus amigos e me esforçando para atingir os meus objetivos",1
  vocês vão me matar ,0
sempre assim viu amores vou me matar,1
n foi dessa vez satan vc tentou me matar 1 mes c miojo mas olha eu aq fznd almoco hj   sucesso total,0
" por um momento eu comecei a surtar
tá querendo me matar do coração, maria luiza?",0
se eu comer pastel 7h da manhã pode apostar que não vou estar viva dps de duas horas pois a dor de estômago irá me matar ,0
que desgraça esse shopping tocando trem bala vs anavitoia QUER ME MATAR PORRA,0
"  É  bem simples, o pomo de ouro acaba o jogo, mas não decreta a vitória. Eu posso me matar de fazer pontos e deixar o jogo a 360 a 150, se o time adversário pegar o pomo de ouro, o jogo vai acabar 360 a 300. Em resumo, ate pegar o pomo, você tenta criar uma vantagem.",0
"Eu ja tava desanimada com a vida e o Santos terminou de me matar. Blackpink faz comeback e me salva, pelo amor de Deus!",0
  eu fui eu tava suzan queria me matar,0
pq a minha tml só tem o namjoon? vcs querem me matar de tristeza???,0
 vou me matar então,1
 viado o bicho quis me matar vo xingar ate a mae dele,0
será se eu so vou ter um futuro se me matar de tanto estudar ,0
Comecei dois animes novos e esqueci completamente de bnha Kdkddkdkdkdk minha amiga vai me matar,0
 sério dangelo a um passo de me matar,1
" se for p me matar posta logo

RITA CASTILLO IS COMING",0
vou me matar ,1
 oxs quer me matar kct,0
Q vontade de me matar,1
Esse negócio de vai ou não vai pro serviço vai me matar do coração lakakakakaka,0
Meu teclado poliglota quer me matar,0
"Véi, essa oscilação de temperatura na primavera vai me matar de rinite pqp",0
"Então vem, me faz amar você 
Eu tô louco pra dizer 
Que eu não vou mais te deixar 
Eu não quero mais viver
Sozinho sem você 
Nada fica pra depois 
Quero um dia pra nós dois",0
quando eu acho que é um é o outro KKKKKKKKKKKKKKK vou me matar,0
"  KKKKKK vai me matar sim, vai hunrum",0
"mds vou me matar eu manchei a mesa toda de vabeta pernanebte mds do ceu oq eu facooooooiiiooo
mainha vai xomer meu cuzinho pqp vou me jofar do oredio",0
 Você quer me matar de ansiedade né? KKKKKKKKKK só pq estou com mt saudade e marcamos nosso role,0
meu orientador vai me matar? muito que provavelmente,0
essa tia vai me matar juro HAHAHAHAHAHHA ,0
"se a pessoa tentar me matar e mandar um áudio falando alguma coisa fofa, triste ou que me leve a acreditar que a situação dela não é boa, eu faço o que a pessoa me pedir E ISSO É MUITO SÉRIO KKKKKKK",0
essa transportadora ainda vai me matar,0
Acabei de concluir que não adianta me matar fazendo conteúdos BONS todos os dias pq por mais q eu me mate o logaritmo só entrega Qnd tá afim... então chora BB,0
minha mae vai me matar tô sentindo,0
 Nossa mas quer me matar me da um tiro!,0
as cores novas da pista de bikecaminhada do parque alvorada acabaram de me MATAR,0
"as vezes eu me pergunto como a viu tube conseguiu cuspir na boca de um gato 

tipo assim 
já é nojento e da ódio 
mas eu ainda me pergunto como 

eu faço carinho nas minhas gatas e elas já querem me matar",0
"toda vez que aparece o Dudu eu quero me matar e quando é o tato eu quero que morra

",0
"fodase daqui a pouco tem Real Madrid pra me matar do coração  
",0
" me matar
 posso fazer isso errado tmb",1
"sonhei q eu era o eren, mas o inves de eu chamar os colossais e eles materem todo mundo, saíram atras de mim pra me matar e eu tive q meter o pique",0
 Eu não vou me matar por Camila sendo q a ju pode precisar de mim hoje fiz minha parte votei moderamente,0
sinceramente eu não quero mais viver,1
 Henrique como assim tu n tá em primeiro lugar ?? a vou me matar,0
"ESTJ

 gostam de organizar as coisas
 se estressam muito fácil 
 MANDÕES 
 confiantes
 gostam de ser reconhecido por seus méritos 
 o mais provável de morrer sozinho
se não vai ser do meu jeito, então eu vou fazer sozinho ",0
"Depois eu fui na faculdade e tinha um bandido atrás de mim.  Eu falando com a advogado eu disse querem me deixar virgem. O bandido escutou .Depois pronto ! 
Quem estava escutando com minha irmã queria que eu voltasse para algum lugar . pois queriam me matar .",0
Tanta coisa pra fazer hoje e a cólica vem pra me matar derrubar e humilhar,0
"Eu andando na barra com Rhana

O velho conversando na rua:
Ela ficava ameaçando me matar, aí eu fui lá e matei ela

Eu e Rhana se olhando:",0
eu to me tremendo n sei se é frio ou ansiedadenervosismo mas acho q o fato de estar 21C ja responde minha dúvida q ódio futebol ainda vai me matar,0
vou me matar estudando pra prova amanha e é isso,0
352 o zidane já quer me matar antes de começar o jogo,0
"esse começo de fim de semestre vai me matar, o pv é o primeiro a me dar uma rasteira",0
Lrt   EU VO ME MATAR,1
vou me matar ,1
"Quer me matar é  fazer as coisas de má  vontade, caralho é  só  falar que não vai  fazer",0
vão querer me matar com essa comparação (ou não),0
vou me matar ,1
 THAIS VOCÊ QUER ME MATAR ,0
o jake falando de brooklyn nine nine ele quer me matar,0
"Voltei pra dieta, voltei a me hidratar e minha mae ta pra me matar na academia, fé que vai da certo",0
eu to tentando nao me matar para de fazer eu me sentir inutil e ter medo dr vc,1
fazia tempo que eu não queria me matar assim,1
ódio vou me matar,1
" Se os bonitos não namoram pq são bonitos, o que dizer de nós feios? Vai todo mundo morrer sozinho então hahaha",0
"querido diario:
quebrei a perna do meu óculos, acho que minha mãe vai me matar",0
 QUE ÓDIO CADA UM NA CONTA DO OUTRO VCS QUEREM ME MATAR????????,0
E não é que esqueci de almoçar de novo? minha mãe se fica sabendo vem aqui só pra me matar (depois de me alimentar),0
9 reais um sorvete meu pai vai me matar,0
EU TO CAGUEJANDO EU NAO CONSIGO FALAR QUE ODIO QUE ODIO EU VOU ME MATAR SERIO OLAH EU TO TREMENDO MUITO A CADA PALAVRA DELA EU MORRO POR DENTRO,1
queria tanto ter coragem de me matar serio eu nao quero mais ser eu nao,1
"se eu falar pra minha mãe que ela tem essa similaridade com meu pai ela vai me matar, mas ambos não aceitam quando a gente oferece, você tem que entregar logo pra eles e dizer trouxe pra você, aqui pra você. só assim eles comem ",0
Ela vai me matar,0
"tem um cara novo na redação q é A CARA de alguém, e eu tô a um tempão tentando ver qual é o famoso q ele lembra 

e só agora me toquei q ele deve 100 estar pensando pq q essa maluca tá me encarando mn?? vai me matar??",0
"Os sete maridos de evelyn hugo spoilers
.
.
.
Célia vai me matar de chorar ",0
 tá querendo me matar com essa fancam?,0
vim em n.i so p ver o preço do perfume aiai vo me matar,0
"Até q estação segura kkkk tava tranquila já até q eu olho pra trás ela tá atrás de mim dizendo q ia CMG kkkk okay compramos a passagem entramos no trem e sentamos aí ela disse q agradeceu tbm pelo pessoal ter chego pq se não ela ia me matar, pq era a vontade dela.",0
Meu deus o bravo vai me matar do coração ainda,0
Eu nao quero mais viver que inferno,1
" PELO AMOR DE DEUS, vc quer me matar???? 
Cara mas esse barry allen é um grande lindão ein, to ansiosa pra ver ele na 7 temp",0
"274 15:31 Ysa : vou ali me matar
274 15:32 Ysa : depois meu espírito volta pra te contar como foi
274 15:32 Bebela Toledo : KAKAKKAKAKAKAKAKAKAKAKAK

nossa pra que inimigo",0
 Nao amiga sinceramente viu vo me matar,1
 amiga eu não consegui provar  meu paladar infantil vai me matar dsclp,0
 Nasceu não kakakkaka o médico quer me matar do coração ,0
 A UFPB vai me matar do coração  ,0
fiz uma finalização que me custou uma hora enrolando o cabelo se essa porra secar e nao ficar com cachos bonitinhos vou me matar ,0
" para com isso do nada na tl maraísa, quer me matar do coração?",0
Essa alergia ainda vai me matar ,0
vou me matar ,1
"agora tá tocando skank  dois rios

quer me matar, só pode",0
nao serio to destruída com a kushina contando a história dela e do minato pro naruto snzr vou me MATAR ,0
Segunda vez seguida q eu bato ponto na hora errada meu deus meu chefe vai me matar socorro,0
essa alergia ainda vai me matar,0
EU VOU ME MATAR EU VOU CARA EU VOU ,1
ESSE VELHOTR DO RICARDO IRA ME MATAR ,0
 juro lau alguém tem que fazer alguma coisa pq esse fandom vai me matar,0
"Vóu me matar
E não é meme",1
No dia que isso acontecer pode manda me matar que eu não tô bem,0
"  Li Soojin pela barra de notificação com o cu na mão, aí eu vi que era a Soojin do Weeekly, QUER ME MATAR PORTAL?",0
"top 10 medos absurdos que são só minha ansiedade

1. morrer de forma ridícula
2. ficar tetraplégico e não conseguir me matar
3. ser enterrado vivo
4. isso tudo ser um pesadelo
5. ser o único sobrevivente de alguma coisa
6. morrer de causas naturais
7. isso ser uma simulação",0
vei pelo amor de deus o excel vai me matar,0
another love vai me matar meu Deus,0
": Onde você tá?
Eu: Pra q vc quer saber?
: Pra ficar informada.
Quem pergunta isso no Among Us? Quer me matar eh?",0
 agata me ajuda o adolescente do tik tok vai me matar,0
pedi açaí 5min depois de ter reclamado q eu gastei muito esse mês pra minha mãe... ela vai me matar,0
"Ai, meu Deus, eu vou morrer sozinho
Se eu continuar nesse caminho
De não deixar ninguém me amar
E de só me apaixonar
Por quem me faz chorar e me maltrata
Ai, meu Deus, eu vou morrer sozinho",0
Minha tml vai me matar,0
Essa colica vai me matar aos poucos hoje. Espero sobreviver,0
Esse corretor automático ainda vai me matar do coração um dia,0
 E AINDA TEM RUMOR DE PERFORMANCE DA SELENA AI OS DOIS VAO ME MATAR,0
acho que a jorja smith quer me matar,0
 mds você torcendo p garota me matar ??????,0
 fui super feliz pegar as câmeras da mulher aí do nada brota ele e o amigo pra me matar,0
meu pai deixou o gás ligado esse homem quer me matar é,0
"Puta merda,quebrei um copo,minha mãe vai me matar",0
"Tentaram me matar com um copo de veneno
O quem quiser matar me mate
Que beber eu bebo mesmo ... ",0
viadinho dos infernos ele vai me matar um dia eu to avisano ,0
queria me matar,1
"muita vontade de bolo de chocolate, vo me matar",0
Minha coluna hoje vai me matar,0
"EU SIMPLESMENTE NÃO ESTOU BEM, ESSA MULHER VAI ME MATAR ",0
me segurando p não acabar c a cocada se não meu pai vai me matar kkkkkk,0
 brinca com essas parada nao doido eu sonhei q eu tava sendo caçado por um monte de gente que queria me matar,0
" minha mae vai me matar dessa vez, mas vou fazer",0
"parece o adc que eu peguei esses dias falando, o mlk de draven agressivando numa LEONA e MISS e dizendo gg sup que nao bate ?? homemmm existe cdr e eu nao vou me matar num engage torto ne filhão ",0
 SIM VEI O POVO FALTA ME MATAR PQ N GOSTO NEM DE EREMIKA NEM DE ARUANI,0
"274 15:22 : q mané de golpe oq,acordei e já quero dormir dnv p vê se eu consigo sonhar c ele novamente

a KKKKKKKK vô me matar fml",0
 SERIO ELES AINDA VAO ME MATAR,0
so falta isso aqui pra eu querer me matar,1
Comprei 2 bolos de pote. Fodase. A TPM vai me matar.,0
 Own voce gostaria disso ne? Assim voce arranjaria um motivo pra mandar eu me matar e cair de hate em cima de mim,0
 vo me matar ,1
"274 15:13 Bina: Tu tem muita dúvida sobre potência? Aí vc vai multiplicar expressão por ela mesma (mn) x (mn), e aí multiplica estilo chuveirinho tlgd? O primeiro m vezes o segundo m, depois k primeiro m vezes o segundo n, e repete isso com o segundo n 

Mds vou me matar",0
se minha intensidade ainda for me matar eu prefiro ser poesia e ter histórias pra contar,0
saio cinco minutos do tt e tem 11948292 teorias sobre o lou vcs querem me matar????,0
VOU ME MATAR,1
"As vezes sinto que o louis quer me matar do coração, não sou o cellbit para desvendar enigmas, ele deve tá vendo a gente surtando assim: ",0
"Almocei e fui dormir um pouco, agora vou me matar nos deveres ",0
vou me matar,1
 Santinha ainda vai me matar do coração...,0
eu quero morrer eu nunca quis tanto MORRER quanto agora eu to a UM PASSO de me matar de literlamente tentar suicídio,1
  MQNAUELLA ISSO GWIO PRA MINHA TML EU VOU ME MATAR,0
"eu vou me matar, fds",1
" nunca faço, sempre acho q algum demônio vai sair do ralo e me matar",0
vontade de me matar ,1
MDDSSS BILLIE VC VAI ME MATAR DE ANSIEDADE,0
 Vc quer o que me matar ?,0
"tive um lapso de memória de sábado que eu tava bêbada e comecei a gritar e pular ao som de this is me...

mds quero me matar inferno",0
Gente ela vai me matar ,0
" E você quer que depois de Banana Fish eu veja anohana...
 você está querendo me matar de chorar?",0
vou me matar n aguento mais.,1
que vontade de me matar aaaaa surtos,1
rachei a tela do meu celular vo me matar,0
"mds a barbara vai me matar, bárbara desculpa o treco te marcou   ",0
meu deus a Yuna vai me matar quando descobrir oq eu fiz e o que eu quase fiz,0
a willow vai me matar confirmado,0
o meu prof vai me matar  ,0
"   ela que não gostou de mim  
ficou me encarando de madrugada com aquele olhar de quem queria me matar",0
"Dia 2 de suicidio estoico: comecei a pensar na filosofia e essas coisas devido ao fato de que minha vida perdeu o sentido agora sou niilista e quero me matar 
adendo para caligrafia monstra ",1
"  Amy não vai dá certo, ela vai me matar , tu é louca.",0
" Oh meu deus o santo tribunal do twitter me mandou me matar e eu q pensei q vcs eram contra isso pois induzia ao suicidio
Also eu sou trans e transfobico? Como funciona isso? E onde ele foi transfobico?",0
eu quero me matar pelo amor de deus,1
"filho duma água quer me MATAR 
 ",0
"e eu to comprando tenis que só a desgraca, minha mae vai me matar KKKKKKKKKKKKKKKK",0
JOALIN ACABOU DE ME MATAR ,0
que dia de merda preferia estar morto,1
os meus autores favs tiraram o dia pra me matar,0
"sim eu sei qie eu sou um lixo e eu sei que vc se arrepende de como me criou, pode me matar eu agradeço",1
" Ana o Louis vai me matar a qualquer momento e nem é meme, ele tem que entender que a gente é curioso",0
Meu coração começou a dar pontada com esses surtos e eu percebi que tenho que voltar a tomar meu calmante HANKER VCS VAO ME MATAR,0
Tô precisando ganhar respeito no gta pq eu mostro minha carinha linda e os cara já quer me matar,0
"Ai estes flashbacks vão me matar 

",0
"eles não param, vou me matar",1
" QUE??????? QUER ME MATAR, MULHER",0
O Petch... ele quer me matar ,0
 Você quer me matar ?,0
professor André quer me matar só pode,0
nossa eu vou me matar muito e vou matar a laura também,0
"  Meu anjo eu disse vilão que tem protagonismo,os diretores não iam me matar",0
a upe quer me matar do coração,0
e se eu me MATAR,1
"So queria me matar para acabar com toda essa vergonha, mds sempre humilhada por ser burra",1
 que vontade de me matar... ,1
zO VERMELHO SUS ME MATOU e o jack the killer quer me matar ,0
"o aplicativo querendo que eu faça treino de perna dois dias seguidos, quer me matar é?",0
vai Rick Riordan tá querendo me matar de ansiedade?,0
mais de mil de ping vou me matar kkk,0
medo de namorar e terminar e a pessoa n superar e tentar me matar,0
 passar de semestre porfavor eu vou me matar se não passar,0
 eu vou me matar veyr,1
 Lucas eu vou me matar sério,1
Ahahaha piada vou me matar humor  ,0
Minha vó vai me matar de estresse,0
"tem uma fucking música da billie no álbum que se chama Billie Bossa Nova

BILLIE??? MULHER??? QUER ME MATAR DE ANSIEDADE????",0
Eles querem me matar de ansiedade. ,0
" Mesmo você querendo me matar, você é tudo pra mimmm  KKKKKKKK",0
  aaaaaaaaa você quer me matar Rafaaaaa... meu Ranu ,0
eu vou me matar,1
hoje a enxaqueca e enjoo querem me matar,0
minha namorada ainda vai me matar do coração c esse negócio de me chamar pelo nome,0
Esses dois dias vão me matar de ansiedade ainda... ,0
 mudei header mudei tudo menos o icon pq senão vc ia me matar,0
a penicilina ainda vai me matar do coração,0
 eu vou literalmente me matar,1
 NAO RI A MINHA MAE VAI ME MATAR,0
" Mas você está tentando me matar.
 Eu tenho tentado mostrar que me importo.

eu demonstrando meus sentimentos é assim",0
esse tempo so queria estar abraçada debaixo de um lençol com a pessoa q eu amo mas preciso eh me matar de estudar,0
  vais me matar tu,0
vsf paguei boleto dia de sabadoKDBWKDNAKDNDO vou me matar,0
 Querem me matar de curiosidade é?!,0
desperdicei 4 colheres de milho minha mãe vai me matar,0
"billie e louis, vcs n poderiam escolher dias diferentes pra me matar fo coração? é muita informação de uma vez só ",0
"Comprei umas blusas perfeitas, mas quando experimentei ficou uma bosta por falta de peito. Vou me matar",0
deveria me matar ,1
"Essa música me causa umas sensações primitivas, uma nostalgia ruim e ao mesmo tempo boa, nunca pensei que ia ter vontade de me matar ouvindo The Offspring ",0
 mas eles vao garantir que vou ficar viva tb e nao vao me matar ?,0
"eu acho, só acho, q o Jardel vai me matar hj",0
RICARDO RIORDAN VOCE QUER ME MATAR DO CORAÇÃO SOLTA O PAPO LOGO,0
 amor se a Ludmila vier me matar vc me protege?,0
 E eu chorando pensando em como teu pai iria me matar kkkkkkk,0
meu deus a nyx vai me matar ase,0
Essa rinite quer me matar,0
meu deus eu vou me matar,1
Único motivo pra eu não me matar exatamente por isso que o nome dela é vida... ,0
"Giovanna do nada me lança que sonhou que eu tava namorando, vo me matar",0
A etec vai me matar ,0
" Votar é uma coisa, me matar bo Gshow só pro Gil",0
louis meu deeeeus vc quer me matar,0
"Tive um sonho mto doido , eu fui procurar um cachorro que tava sumido , e do nada um cara começou a me ameaçar e falar q ia me matar; sonho doido de mais",0
"faço e refaço meu cronograma e nunca entro em acordo comigo mesma, acho q a solução é  me matar ",0
 gay voce vai me matar,0
    mas nao vou me matar e perder sono e nem trabalho por outro participante. quando o da Ju estiver na reta ai sim eu me mato,0
vou me matar comendo doritos flaming hot   tchau,0
MANO WILLOW E LOUIS QUEREM ME MATAR HJ PQP ,0
ai vou me matar ,1
"fav e eu te marco com uma bandeira

: te deitava no soco
: amigão 
: te amo 
: beijava
: oi, quer namorar cmg?
: sou apaixonado em vc
: te acho gata (o) 
: passa wpp?
: acho vc gay 
: sou boiola por vc
: nem te conheço porra

se ngm responder vou me matar",0
Tayane vai me matar hoje KKKKKKKKKKKKKKKKKK que menina boba,0
esse jogo ainda vai me matar do coração um dia,0
 Esse governo ainda vai me matar de ódio!,0
as vzs eu acho q a minha mae quer me matar sem meme PQ PELO AMOR DE DEUS,0
"...Cansei...
...Acho q vou pegar uma grana emprestada c algum agiota, ir passar umas ferias prolongadas em Maldivas, me divertir, voltar e deixar ele me matar...",0
ta cada vez mais dificil n morrer sozinho,0
"visualizei o story do menino q ele tinha postado fazia só 5 segundos, quero me matar toda vez q isso acontece.",0
 QUE SUSTO CARALHO QUERIA ME MATAR,0
Louis ainda vai me matar com esses números,0
"Aiiiin,esse vídeo da emilly no meu fleets tá tudo,ela vai me matar kkkkk",0
"pelo amor minha ansiedade vai me matar antes de junho 
RITA CASTILLO IS COMING",0
pra q estudar se eu vou me matar msm?,1
"Quem quer me matar fale agr, é sua chance d realizar um sonho com meu consentimento",0
Essa reninte ainda vai me matar que saco ,0
"hal vai postar cover de fallin pra me matar de uma vez, porém vou ver só depois pq agora eh hora da naninha",0
Eu quero me matar.,1
Espero q a Laryssa n veja minha mensagem nem tão cedo kkkkkk vai me matar,0
vou tomar cuidado então porque o post malone vai tentar me matar ,0
o meu vicio em cafe vai me matar de dor de cabeça ou de gastrite,0
EU COMPREI UM NEGÓCIO SEM QUERER NO CARTÃO DO MEU IRMÃO ELE VAI ME MATAR,0
" a sua avó prometer não me matar, talvez",0
Quer me matar é o cliente dizer que quer o pastel que já está fritado ,0
"sonhei q um cara qria me matar, serassi q é um sinal ??",0
rick riordan vc vai me matar,0
"ELA TA MELHOR SEM MIM NAO TEM MAIS OQ FAZER 
BITCH EU NAO LIGO PRA LEAN EU SO PENSO EM VOCE",0
Essa rinite ainda vai me matar,0
ESSE HOMEM QUER ME MATAR SO PODE ,0
 Eu vou me matar mesmo n adianta nada investir em mim,1
" Nossa eu levei um susto, achei q tinha dado Jacob, já ia me matar ",0
Coronavírus não pode me matar pois eu já morri ouvindo como a história de amor tharn e type ultrapassou a morte  ,0
"eu preciso ter um namoro adolescente com alguém que seja parecido com o castiel, sério, vou me matar",0
 Eu vou me matar eu juro,1
"nossa querjo me matar
eu vou me matar.",1
a minha quer me matar todos os dias com atividades ,0
"Ele apertou meu pescoço com os olhos em chamas. Poderia facilmente me matar alí mesmo se não tivesse seus princípios irreais. 
  Não me provoque, Jones. 
  É apenas uma observação, imperador.  Sorri e ele me soltou. Te vejo em alguns dias em Madilian, mestre. Tic tac.",0
e se eu me matar? me parece uma boa.,1
"Vei, minha mãe vai me matar",0
mano eu não aguento e se alguma coisa acontecer eu vou me culpar pro resto da vida que será pouco pq eu vou me matar kk,0
"as vezes acho que essa cólica vai me matar de tão forte que é, chego a passar mal",0
"Bebam Água
Só a cólica renal já quer me fazer desistir e me matar para parar a dor",0
"arkyos angel eu so me fodo começo o jogo com 18 anos e um ceifeiro já quer me matar
se passa apenas dois anos e eu já perco minhas memórias que isso",0
 AH PRONTO você quer me matar de curiosidade é isso???????,0
"eu nao aguento mais viver, alguém por favor faz a gentileza de me matar, obgd",1
queria me matar mas é tão perigoso,1
comecei a pensar como a vida de todo mundo seria melhor sem mim,1
"Fiz tiktok a dar deboche em Varchie, old que a vagabunda ia me matar se visse  ",0
"no dia que eu falar isso pro Daniel ele vai me matar com um olha só kkkkkkk, sofro",0
Lavar panela é o mesmo que me matar ,0
"Já não chega todo semestre eu me matar fazendo os projetos, hoje tive a bela notícia de que meu trabalho do semestre passado está sendo usado por outras pessoas, gente as criaturas não tem noção mesmo né",0
que vontade de me matar ,1
HANKER AINDA VAI ME MATAR E NÃO É NEM MEME ,0
 VOCÊS QUEREM ME MATAR?,0
"  Não faça isso comigo Marcelo,  você vai me matar cara .hahaha",0
"esse enjôo vai me matar, fui fumar e quase vomitei ",0
"A minha família, e meus amigos ainda não vão me matar!",0
 Enquanro isso tô esperando a atualização com o cap 6. Suzanz vc quer me matar?,0
"MEU DEUS YAMAN, TU VAI ME MATAR ASSIM!!! ",0
"vou passa no mercado comprar duas velinhas e um bolinho pra cantar parabéns pra minha amiga no meio da rua, ou ela vai me matar, ou as duas morre de vergonha, me desejem sorte",0
torçam pra prova de anatomia não me matar,0
FINNEAS QUER ME MATAR PORRA EU SOU CARDÍACA VEY EU NAO VOU AGUENTA ,0
vou me matar vei eu juro,1
"Não posso me matar pois, quem vai fazer as piadas idiotas do grupo ?",0
"caras eu tenho q ir almoçar, minha vó vai me matar swrio",0
"eu tenho vontade de me matar toda vez que alguém fala ComUNisTa dE IpHOnE 

E EU NEM SOU COMUNISTA!!!!",0
Os 5 cards de kihno e o bird coloquei por colocar só pois sem planos de me matar atrás deles hdngdnhfn,0
eu quero me matar serio ,1
"Acho que só vou conseguir me matar realmente quando eu tirar a culpa das pessoas, a culpa sempre foi e será minha, não quero que ninguém se sinta mal por mim, lembre dos momentos bons, os ruins eu pude providenciar sem nem saber",1
"se você me amar demais 
eu paro de te amar
um amor fácil me apavora
ai meu Deeeus, eu vou morrer sozinho",0
depois que o galo perder hoje irei me matar na frente de um apartamento da mrv pra traumatizar o véio da mrv pro resto da vida,0
Bia quer me matar do coração ,0
meu namorado tentou me matar o que eu faço ?,0
sério esse 369 ainda vai me matar um dia ,0
"Elisée novo, lily com creme na promoção e eu só queria um de cada, boticario ainda vai me matar ",0
"      Se a pessoa da minha família morresse antes do resultado do exame eu preferiria seguir os cuidados e sim, preferia não me despedir e correr o risco de contrair a doença. Um velório não vai fazer a pessoa que eu amo voltar mas pode me matar. Certo?",0
"Agora eu não tenho mais ninguém a quem dar meu amor, e ninguém para me amar, eu imagino que essa deva ser a sensação de estar morto, nada além do vazio constante, a incerteza, e uma vida sem significado, é estranho pensar que eu vivo assim a tanto tempo.",1
depois q vc tentou me matar nossa amizade nunca mais foi a mesma,0
cara foi usar a moita p me matar e depois me chamou pq ficou puto que eu usei o Cr7 e matei ele KKKKKKKKKKKKKK,0
vou me.matar ,1
Quer me matar de nervoso é atrasa agendaaaa,0
"   Pera aí q estão tentando me matar e eu não sou vítima não. Tenho q ficar quitinho, não vitimiza. Deixa os assassinos tirarem minha vida q não serei vítima. Ah vai se fuder lek",0
 Sua amiga quer me matar,0
essa dor na minha lombar vai me matar,0
minha irmã tá querendo me matar do coração não é possível,0
"billie   MercadoLivre  Flávio bolsonaro  ENTÃO FAZ O L

essa noite tive vários pesadelos

um deles um cara vizinho de onde trabalho tentava me estuprar

obrigado subconsciente, já sinto nojo do meu corpo diariamente, agr só quero me matar ",0
QUEM TÁ LIBERANDO ESSAS FOTOS LOGO DE ANTALYA QUER ME MATAR ,0
"Esqueci de desejar feliz aniversário a uma das minhas melhores amigas da vida, amizade pra lá de 10 anos. Lembrei do aniversário o dia inteiro, só esqueci de mandar mensagem. Fechei os olhos pra dormir e dei um pulo, já eram 00:03. Mandei mensagem mas sinto que ela vai me matar.",0
 não entendi vou me matar,1
"queria morar em uma casinha no meio do mato sozinha, mudar de nome e dps me matar",1
MINHA SANDÁLIA TOROU NO MEIO DA RUA MEU DEUS EU ME ODEIO VOU ME MATAR AGORA,0
VOU ME MATAR ,1
a camilla gosta de riverdale e me julga por gostar de friends vou me matar,0
Queimei o bolo o q eu faço???? Minha vó vai me matar,0
Cara o   vai me matar com esses stories dele .,0
hoje minha turma quer me matar pq eu transformei a aula de 3d em aula particular,0
as vezes eu acho que o louis vai me matar do coração,0
Quer me matar e se meter no que eu tô fazendo!,0
Esse menino tá namorando e eu estou chocado... a cada  dia eu vejo que vou morrer sozinho,0
fiz uma licqo e ja to morrendo as respostas sao enormes vou me suicidar,0
 MEU DEUS LETÍCIA VC QUER ME MATAR????,0
"liguei o vídeo game do boy cliquei no jogo dele sem querer e fiz merda , ele vai me matar kkk",0
"gustavo fez pra mim no paint em uma hr e agr tô devendo pra ele 6 favores, essa escola vai me matar!!! ",0
vou me matar,1
eu vou me matar,1
"te amo icon da menina que parece que vai me matar, te amo",0
vou me matar ,1
"Kin Comigo.
Por sorte, Mira queria me matar por ter vazado. Mas com criança não se mexe, e minha indignação falou mais alto.",0
sabe as vezes eu acho q um dia o louis vai me matar do coração,0
"to cansada dessas crises que quase  consegue fazer eu me matar todas as vezes q aparece, cansada de mim e de ter q ser forte p não deixar ela aqui",1
acabei de ouvir um barulho no banheiro e parece ser de um bicho voador e grande q vai me matar,0
Meu gato vai me matar de vergonha ,0
Hmm vontade de me matar,1
"namoral... essas aula de tarde vai me matar, mo vontade de tirar um cochilinho até julho ",0
Mano !  Matheus  vai me matar já estou vendo,0
" MARIA LUIZA VOCÊ QUER ME MATAR , ACHEI QUE ERA SPOILER E JA TAVA CHORANDO",0
"Meu pai quer me matar de estresse, esse é o objetivo da vida dele",0
"Agora um poema.

O sol está em Touro
A lua em Escorpião

Se isso não me matar de tesão.
Eu não morro mais não.

Fim.
(Coisas que saem da cabeça de baixo. TADZO,Matteos 2021)",0
"Pq nada que eu planejo da certo ??
Sera que se eu tentar me matar da errado tbm ??",1
QUEREM ME MATAR HOJE ,0
Rick você quer me matar do coração,0
MADISON REYES VOCÊ QUER ME MATAR DO CORAÇÃO AAAA,0
A polícia atrás do ladrão no meu quintal e eu disse onde ele tinha entrado  espero q ele não seja solto e venha me matar,0
meu almoço: uma cenourakkkkk se a vó souber ela vai me matar,0
n deixaram comida p mimcomeram td vou me matar,0
"o calor que ta hoje vai me matar juro, nem ficando pelada resolve kkkkkkk um sol na cabeça de cada cearense",0
"EU SOU CARDÍACA E EU TÔ COM MEDO DE MORRER MUITO OBRIGADA HANKER, VOCÊS VÃO ME MATAR",0
"Minha mãe quer me matar, passou inseticida em mim",0
"Acabei de ver uma mina no tiktok defendo pessoas a comprarem peças de roupas VIRTUAIS, ou seja, um efeito do Insta

Eu vou me matar e vou levar essa rede social junto pqp",0
E eu q fui compartilhar aquela bagaça do meu shampoo tá acabando achando q era creme e agora tem um monte de massagem dizendo para mim não me matar  qqqq???,0
É segunda vez que eu vou para o hospital causa da Inês da minha namorada Inês a segunda vez uma com depressão e foi ontem que foi para o hospital cortei o dedo causa da Inês o que estão a pedirme em matarme como tu portaste o pulso eu cortei um abraço agora quem me matar Inês,0
esse velho quer me matar ,0
"meu irmão nunca acreditará
mas saiba que foi por amor
crescerá pra odiar e querer me matar
e isso me traz dor
e um dia ele se vingará
e pra mim, será um favor
por finalmente me apagar
do meu mundo tão sem cor",0
ela tá no auge da beleza BILLIE EILISH VAI ME MATAR DE ANSIEDADE QUE ÓDIOOOOOO ,0
que é isso querem me matar hoje?????? ,0
" Eu tô só aquele áudio 
Eu amo seu estilo não, para com isso, sua mãe vai me matar, para",0
essas fotos em antalya vieram pra terminar de me matar,0
ihihi falando de txt na aula povo deve ter querido ME MATAR agora KKKKKKKKKKKKKKK,0
" saraaah, eu sou curiosa e vc vai me matar de tanta curiosidade KKKKKKKKK faz o favor de contar pra gente essa surpresa!! quando vc vai poder contar pra gente hein? amo vc! ",0
 err tem como dizer não? pq eu não quero ela é minha fav mas minha fav bem de longe de preferencia não querendo me matar ,0
minha enxaqueca hj vai me matar,0
"Não custa lembrar:

Vou me matar! não é Bom dia!
Que ódio! não é Que lindo!
Seguidor de Twitter não é família.

Pronto, indignação postada com sucesso. Sem sucesso, melhor dizendo. ",0
Vou me matar ,1
As vezes eu acho que minha sinceridade ainda vai me matar,0
meu deus eu vou me matar. ,1
Meu siso ainda vai me matar. Não tô aguentando de dor nessa coisa!,0
 TIO RICK VAI ME MATAR KKKKKK,0
me inscrevi em uma palestra chata sem querer agora quero me matar,0
vou me matar ,1
 eu vou me matar,1
vou me matar,1
sim eu comi palmito dnv vcs estão chocados? estão bravos? vão me matar por isso?,0
eu nao sei se eu sou suficiente eu espero que eu consiga fazer ele feliz eu mao quero ver ele mal eu sou ijutil demais eu devia me matar,1
Ai quase tive um treco agr kkkkkk ai esses processos seletivos ainda vai me matar,0
"O cliente que entra aqui na loja já perguntando preço, falando coisas nada haver é certo de ter um atendimento bosta, pq quer me matar é a pessoa entrar e não dar um bom dia, boa tarde ou boa noite, não consigo atender de boa vontade de jeito nenhum",0
minha tpm vai me matar qualquer dia,0
"Fudeu, fiz período grande dms e a prof vai me matar. Tô nem aí",0
" vontade d me matar eu vou ter amanha, 3 aula d fisica e so parar os fortes",0
se eu me matar podem linchar ele,0
 Peguei e quero me matar,1
"no dia que eu for fazer endoscopia eu tenho que ficar 12 HORAS SEM TOMAR ÁGUA... e eu tomo água toda hora
querem me matar de uma vez é?",0
Vai ter gente querendo me matar agora crtz  ,0
   Quer me matar do coração? carajo,0
" Sim se vc responder com um emoji eles falam q vc ficou sem resposta mas na real é só preguiça de responder sabe. E nessa publicação era especificamente falando sobre a história dele, outro dia foi um médio mandando eu me matar pq eu estava louca por gostar do Gil é pesado amiga.",0
Essa porra dessa cólica vai me matar,0
colica um dia vai me matar ainda,0
"Detalhe que ainda tenho que estudar pra O. Mais um motivo pra me matar, sai da sacada, Harianne

 ",0
ESSE HOMEM QUER ME MATAR ,0
"MAINHA VAI ME MATAR, MAS IREI MORRER BONITA ",0
vou  me matar,1
" eu vou é me matar 

brincandeira",0
 MEU DEUS EU QUERO ME MATAR,1
billie eilish e louis tomlinson vão me matar ainda hoje!!,0
eu tava de boa ouvindo musica medieval até que do nada TONIIIGH LETS CELEBRATE maldito now united quer me matar do coração to quase assinando o yt premium só p n ter que ouvir esses cara,0
"27042021 14:05:58 Matheus William: Eu cujo nome esta na lista me comprometo a pagar o contrato kkkk Coso contrario Felipe vai me matar 

 felipe
dayse
Cleyton
Rafa
Matheus
Caio
Júnior
Adisson Castro
                 Vixi kkkkkkkkkkkkk",0
esse veio vai me matar do coração ,0
Eu lembrei disso porque hoje sonhei que ele tentava me matar e acordei tipo eta caralho,0
"                       Minha lei sob meu corpo (aí já derivada a auto propriedade) é q não podem me matar, se eu quisesse matar alguém eu teria q achar alguém q quer morrer (oq seria extremamente improvável). Essa misticidade de pactos sociais na vdd podem ser explicados em contratos individuais.",0
Socorro!! Vanessa quer me matar queimada,0
Você tá querendo me matar? ,0
"Indo pra 17 página do H.C (e ainda é o primeiro) e tô cambaleando de sono. Quero me matar? Sim, 100",0
essa dúvida ainda vai me matar  só queria ter condições de fazer   ,0
Eu vou me matar. ,1
ela quer me matar só pode ,0
"e eu achando que a super lua ia ser tranquilo, e agora quero matar alguém ou me matar",0
"Uma ruiva veio ver o ap do lado, uma RUIVA, eu vou é me matar se minha vizinha não for uma ruiva",0
matheus deve querer me matar pq eu fiz ele comprar lá também porque estava com muito desconto kkkkkkkkkkkkkkkkk,0
tudo bem(n está nd bem a única coisa q eu penso o dia td é sobre como me matar,1
leonardo ainda vai me matar com os peidos dele misericórdia,0
eu nao quero me destacar eu quero nao me matar até sair do ensino médio,0
cortando amizades pra que menos pessoas sofram quando eu me matar,1
se eu não me matar a escola vai tmnc,0
Eu n estou me matando de votar mas na final eu vou me matar de votar pra tombar a jujuba,0
" Deus me livre kkkkk quero nem imaginar.
Minha mãe vai me matar kkkk",0
 Me matar com desenhos?,0
"nem feliz nem triste apenas vivendo, porque se eu me matar meus pais ficam tristes",1
SEGUI A GIOVANNA SEM WUERER AO INVES  DE DAR BLOCK EU QUERO ME MATAR,0
Esse povo quer me matar de ansiedade n é possível cr.,0
Tem dia que eu acho que o Vitinho vai me matar ,0
se essa linha n for com passe e n tiver icone e borda eu vo me matar,0
so queria um lugar q faz tatuagem em menor namoeal vou me matar,0
quem vai me matar primeiro a sarah ou o bruno? ,0
"Tô vendo presente p Tuca e só coisa engraçadinha consegue chamar minha atenção, Brenda vai me matar. To achando melhor comprar pelúcia",0
rinite vai me matar algum dia,0
Vou me matar,1
por que você quer me matar ? ,0
"meudeus mano n tô acreditando que o segundo álbum da billie existe msm e vai estar entre nós, vsf em meio a tanto caos um motivo p n me matar",0
só de lembrar da vontade de me matar,1
" Eu tenho a TDPM e fico em tempo de (me) matar. Véi, ser mulher é difícil viu.",0
 KD RAFAELA não aguento mais a escola juro quando me matar,0
n posso nem mais tomar banho de porta fechada pq minha mae acha q vou me matar por deus só piora,0
"Will com um L pra mim deu, eu vou me matar ",0
só tem eu no horario das 4 a talita vai me matar hj,0
"ele quer me matar de ciúmes mesmo
é isso",0
Mas esse inferno de notificação do Instagram vai me matar ainda,0
"Eu vou me matar. Não sei com o que e não sei de que maneira, mas eu vou me matar.",1
tentou me matar so pq eu quis ficar cm a bea???????!!!!! ,0
ricardo vai me matar ,0
"  Todo esse povo que faz ameaças no twitter é de uma coragem que me tira o sono. Outro dia um puxou toda minha ficha na internet, falou que ia mandar gente vir aqui me matar, me mandou o endereço. Tô esperando o cara até hoje, já tem mais de ano. Acho que ele está vindo a pé.",0
Facul vai me matar.,0
"Quem chorou duas horas sem parar? Sim eu, pq minha família vai me matar com cada sintoma diferente que parece :x",0
"Eu falando pra Jesus que se eu me matar eu tenho que ir pro céu, se não meu avô vai me deserdar:
Jesus: i ala kdheoeveobd
Eu:jc eu não tô brincando",0
"era pra ser só 15 dias de quarentena, hoje eu arruinei absolutamente todos os meus relacionamentos e estou há 1 passo de me matar",1
agr tem net em casa vou jogar lol ate eu me matar dando rage,0
"acho que estou emagrecendo mais, eu vou morrer e a minha mãe vai me matar",0
me matar e deixar minha mae triste ou continuar vivendo sendo eu triste? eis a questao,1
A o trabalho ainda vai me matar,0
Quer me matar é desmarcar coisa em cima da hora....,0
 Para de graca vai me matar,0
  Ela tentou me matar ja n da pra confiar,0
quero me matar mas to bem sim e vc,1
peguei 6 na minha prova da faculdade vou me matar ,0
"essa garota é psicopata, ela ainda vai me matar... ",0
"Se eu quiser falar de amor eu falo
Se eu quiser consumir tudo, eu consumo 
Porque o que vai me matar sou eu, e não essa vidinha chata",0
A passiva vai ser o feio que vai sofrer e morrer sozinho como toda passiva  sério? jurei q era o harry pois amei meu filho é muito tops mesmo ,0
Vou ali me matar,1
"não entendi, vou me matar ",1
"Ohaaaaaaaaaaaa  HanKer é oficial real, foto no Feed  meu senhor não consigo eles vai me matar",0
eu puxei meu pity certinho no simulador depois ver em quantas o zhongli vinha cara essa espera vai me matar,0
"Madi mandou ir ver o tiktok, n tem nada no tiktok,

Madison vc quer me  matar",0
cortei meu cabelo é minha mãe quer me matar e agr ?,0
"  Você vai me matar de amores hoje!!!
Eu também amo você!! ",0
"Mandei meu tcc 2h da manhã (o prazo era até meia noite) pedindo pelo amor de Deus pra considerar mesmo depois do horário e agora tô levando um vácuo do meu orientador

Thalles se vc quiser me matar me dê um tiro que é menos doloroso",0
sério gente os comentários do vídeo eu vou me matar ,0
Mainha vai me matar quando souber que torei a corda três meses depois de trocar,0
ELES QUEREM ME MATAR QUE LINDOS E PERFEITOS ,0
eu amo que quando coloco pra tocar minha mae fica MEUDEUS FILHO VC QUER ME MATAR,0
Não aguento mais o professor falando da relação frustrada dele. Já tem um mês no mesmo assunto. Ele não aceita que é chato pra caralho e vai morrer sozinho.,0
pelo amor d deus a ufg ainda vai me matar to falando serio,0
EU VOU ME MATAR ,1
KEREM ENFIOU A FACA E HANDE ACABOU DE ME MATAR ,0
Hd quer me matar do coração mesmo saporra,0
" mano eu nunca maltratei minha mae com um puta medo de ficar com a pele toda marcada, se eu abrisse a boca na hr errada ela ia me matar",0
MEU DEUS DO CÉU EU TENHO TREZENTAS COISAS PRA FAZER HOJE HANKER VOCE QUER ME MATAR?????,0
"Quer me matar é falar que Renan é meu marido, ele é meu NOIVO! ",0
"Meu aí eterno, Keren e Hande acabaram de terminar de me matar com essas fotos perfeitas no feed",0
eu vou me matar,1
qro me matar vey,1
"Meu Deuuus, hanker vocês vão me matar ",0
 lindo nem parece que queria me matar a dois minutos atrás,0
"das minhas calças

1 tá na dudinha
1 n da p usar p sair a tempos pq ta desbotada curta e agr rasgada
1 tá feia a mt tempo
outra rasgou
uma mais nova desprendeu um ngc lá é n da p arrumar
1 tá apertada
uma tava MUITO larga

sobram três
uma q minha mãe quer me matar por ainda usar",0
ELES VÃO ME MATAR HOJEEEE ,0
 vou fazer uma thread de todas as vezes que fala que vai me matar ou que me odeia,0
Acho que vou me matar ,1
 ELES QUEREM ME MATAR,0
A HANDE POSTOU TB. ELES QUEREM ME MATAR. AMOOOOO DEMAISSSSS,0
Meu Deus o pai vai me matar ,0
Eu tô rindo de nervoso minha mãe vai me matar,0
 estou indo me matar,1
  Eu só lembro dele falandoo assassino falou que ia me matar e ela não me avisou ,0
O QUE TA ACONTECENDO TIRARAM O DIA PRA ME MATAR PORRA ,0
não entendi vou me matar ,1
MEU DEUS ELES VÃO ME MATAR ,0
meu deus eu lavei minha camisola 2 vezes e não sai o cheiro do menino KKKKKKKKKKKKK eu vou me matar,0
 Me matar pq mds ???? Fiz nada,0
ELES VÃO ME MATAR,0
Aaaaa que ódiooorr eu não sei como fazer a pré inscrição vou me matar,0
ELES QUEREM ME,0
Quer me matar é ficar de mentira c minha cara,0
 algum dia você que vai me matar do coração,0
O KEREM QUER ME MATAR MEU DEUUUUUUUUUSSS!!!!!!! ,0
Handeeeeee vcs querem me matar hoje só pode  ,0
"Hande e kerem estão com a intenção de me matar, é oficial!",0
pra completar o cabelo ruivo da ygritte eu vou me matar ,0
meu deus eles resolveram ME MATAR,0
Aaaahhh ELES QUEREM ME MATAR ,0
"eu to penando em seriamente em me matar, vai ser melhor bem melhor",1
"quer me matar é fazer algo contra minhas irmãs, tô passando mal de nervoso",0
" Sim, e por quase me matar de amores ",0
Acho que meu pai vai me matar kkkkkk,0
A LEGENDA OUTA QJE PARIU KEREM TU QUER ME MATAR ,0
"sem papas na língua
não me calo
não me acalmo

vão se foder, seus babacas de merda!
tentaram me matar
tentaram me destruir
de forma com que eu ficasse quieta
com que eu não denunciasse

sobrevivente
essa é a palavra
é isso o que eu sou
sobrevivente.",0
educação física em faculdade eu prefiro me matar,0
ELES VÃO ME MATAR ,0
eu quero me matar,1
"não tem absolutamente NADA nesse mundo que me deixa mais fraca do que ela usando moletom eu tô sem estrutura jogada no chão com essa calça de moletom e jaqueta jeans
o objetivo era me matar lisa? parabéns conseguiu. ",0
"a ju super fofa e preocupada deu ter tirado 15 em química B mas eu tô bem fds, n vai me matar e eu não tô ligando",0
"Eu faço tudo, agora quer me matar e lavar roupa, botar no arame e dobrar ",0
"NO MEIO DO OCEANO COM UMA CANOA E APENAS NÓS DOIS... PERFEITO 

ESSE HOMEM QUER ME MATAR???? ",0
 uma vez eu sonhei q meu pai tentava me matar,0
"a billie vai me matar, certeza ",0
EU TAVA ESTUDANDO KEREM VOCÊ QUER ME MATAR?????,0
 Querendo me matar alefina vey kkkkkkk,0
odeio minha vida quero me matar eu não sou capaz de ajudar ninguém eu sou um lixo humano que merece morrer sozinha,1
minha memória olfativa ainda vai me matar,0
meu pai quer me matar intoxicada,0
 marina se que me matar postando isso,0
THE B VOCÊ QUER ME MATAR DO CORAÇÃO,0
o fone na verdade eh da minha mãe que eu peguei pq o meu estragou ELA VAI ME MATAR NUNCA MAIS VOU TER UM FONE,0
ultima coisa q pode me matar é o cancer,0
 imagina me matar de brigar por participante de reality show pra continuar pobre?,0
Sarah ainda vai me matar de curiosidade ,0
kerem bursin você quer me matar????? ,0
"Quer me MATAR DE ÓDIO: interrompe o que eu tava falando em algum grupo.
Exemplo: tô contando uma história  puxei um assunto e vem um infeliz e fala algo no meio. 
O ódio que me dá",0
Essa internet vai me matar de raiva,0
juro hj vai ter gangue dos segredos eu to prestes a me matar,0
mano eu vou me matar n creio q o cachorro do oliver morreu,0
e se eu me matar,1
 Vou me matar ,1
   Qual o problema? Vai me matar? Não gosto mesmo onça feia do krl,0
meu deus menino se vai me matar nuuuuuuuu,0
 vão me matar,0
"Essa mulher ainda vai me matar qlqr dia desses

Q TREINO DE PERNA É ESSE MEU DEUS DO CÉU???",0
me deu uma puta vontade de me matar,1
"A Tchize vai me matar 

Vou abrir um fã Club 

 vem só me explicar bem!!!! ",0
" Hmm, esse não parece que tem um espírito obsessor querendo me matar, vamo",0
eu nao quero mais viver ,1
"BABE??,(,??????? QUER ME MATAR CARA PELO AMOR DE DEUS ",0
ESSA MULHER VAI ME MATAR ,0
ele fica bem melhor sem mim,1
"Amiga até vai, agora quer me matar de raiva e que eu acho a PURA falsidade (peguei trauma pq uma mina n gostava de mim e me chamava assim) é chamar de: nega, amore e FLOR pqp ",0
" Foi com 18 anos na véspera do natal, eu estava bem cansado de viver uma mentir aí me deu um surto de 5min, juntei todos da minha família e falei kkkkk hoje eu dou risada, mas no dia eu chorei muito 
No fim eles nao aceitaram... Escutei palavras que eu jamais deverias escutar.",0
combinei com o meu melhor amg se ficarmos velhos e sem ninguém vamos nos casar pra gente não morrer sozinho,0
aqui lembrando o dia que um motoqueiro arranhou o carro na sinaleira fechada cheguei em casa chorando achando q o Xande ia me matar ele disse foi nada e me abraçou KKKKKKKKKK,0
  Vc não vai me matar né?,0
"Minha mãe vai me matar, como smp fazendo merda atrás de merda kkkkkk",0
 vou me matar juro,1
"Ó EU FALO Q O ARB ME ODEIA E QR ME MATAR NGM ACREDITA isso era pra ser com voz, mas saiu VENENO. Ele qr me envenenar glr posso nem ouvir os maluco flr ",0
caraleoooooooooooooo eu só quero dormir e ler e tomar chá eu não quero mais viver com altos níveis de produtividade durante uma pandemia trabalhando presencialmente e eu nem sei se me vacino,0
"  Você quis foi me matar do coração, com um melhor amigo desses precisa de inimigo?",0
Essa cólica vai me matar,0
o marcelo eh mt chato vou me matar,0
meu namorado da academia veio todo de preto aí quer me matar né ,0
 Ehhh e pra melhorar vou no médico hoje e preciso da minha identidade  minha mãe vai me matar ? Sim ou claro,0
"Se(eu me matar)
Escreva(foi cedo)
Senão(eu viver)
Escreva(Morre Praga)",0
que me matar é me chamar de querida,0
nossa vsf meu pai arrumando namorado pra mim eu vo me matar,0
Minha mãe vai me matar quando ver o quanto eu já gastei,0
"Pensei que a panela de pressão ia explodir e me matar, agora vou ficar igual uma idiota limpando a sujeira que eu fiz. Um ótimo dia pra mim ",0
os adm da camilla não se posicionaram nem quando os aliados dela estavam no paredão agora eu vou me matar pra salvar??? sou  mas vocês que se matem aí,0
 Quer me matar?,0
Vi um spoiler de boku no hero agora quero me matar,0
indo me matar ,1
Gente eu to ouvindo tu tu tu na minha cabeca isso e um sinal que tem um demonio vindo me matar eu vou chorar,0
to a cinco passos de me matar,1
 juro essas crianças vão me matar,0
minhas amigas vao me matar mas vou fazer memso assim,0
ai essa minha sindrome de amanda bynes ainda vai me matar,0
eu vou me matar pqp,1
"Eu não aguento mais os professores falando q começou o segundo bimestre, isso é oq ? Uma forma de me matar ??",0
 Por isso que eu sou sua amiga cara!!! Quer me matar é ficar puto comigo e não dizer pq ,0
como saber se meu gato quer me matar?  ele te encoraja a sair de casa sem mascra ,0
eu juro que a billie vai me matar do coração,0
a malina ta namorando eu vou me matar,0
"Acabei de escrever que a criança judaica só queria passar o natal com sua família. 

Eu quero me matar sério não sirvo pra isso",0
"     Ele pelo visto fez muita confusão. Adoro quando eles são fofos com a gente da clínica, pq já perdi as contas de quantos gatos já tentaram me matar",0
ELE EH TAO LINDO VO ME MATAR ,0
"LOUISE Maria José, mulher vc quer me matar. Poxa vida amiga não tava preparada. ",0
nao gente eu nao vou me matar calma,0
"Minha mãe vai me matar se ela souber que acordou 5h da manhã pra fazer um cuscuz pra ele levar pro trabalho, eu levei e não comi tá voltando pra casa do mesmo jeito ",0
  vou me matar,1
" é igual ao da vida real, o da série já deveria estar morto faz mt tempo",0
queria me matar,1
caralho cara o gabriel vai me matar do coração ainda pqp,0
" Tu quer me matar mulherrrr
Vem clipe",0
Gustavo Mioto vai me matar.,0
Minha mãe q me matar de fomeeeee,0
" passei a nmr dela pra um macho e ele ta lá enchendo o saco dela no wpp, mandou um tanto de áudio aq falando que vai me matar kkkkkkkkkkkkkkkkkkkkkk",0
"ideação suicida e pensamentos de morte não são responsabilidade de NINGUÉM, é um sintoma de uma doença (depressão, ansiedade, etc) que precisa de ajuda médica
não deixe ninguém te manipular com eu vou me matar por sua causa, ninguém causa a dor desse pensamento",0
 ju elas querem me matar desse jeito nao é possivel,0
Só um vídeo do Maicon e do Kotaka pra me alegrar enquanto eu almoço meu frango grelhado que eu queimei a panela inteira pra fazer e mainha vai me matar e de bônus perdendo a aula de química pq fui LERDA e achei que tava adiantada no horário MDS QUE ÓDIO,0
"Um apóstolo que sugeriu me matar ao invés de levar as pessoas pro mal caminho (dizer que elas podem ser LGBT e tá tudo bem), acaba de me ligar e convidar pra um bate papo com ele numa rádio da cidade! Topei pq eu to com pouco problema pra resolver.",0
"mamãe tentou me matar hj,e é isso",0
 nkkkkkkkkkkkkkkkkk slk vai q vc quer me matar,0
e eu que acabei de quebrar um copo e dois pratos de uma vez e minha mãe vai me matar,0
minha mãe falando pra fazer miojo dois dias seguidos ela quer me matar sim ou claro?,0
"Não faz isso comigo dona  quais temporadas? A 7 temporada também vai ficar disponível? Quer me matar de ansiedade, não vou conseguir esperar até sábado.  ",0
Tentaram me matar nas esqueceram que eu já tô morto,1
"se eu fizer isso pode me bater, ele acumulando , jhonne vai me matar na porrada e nem é meme KKKKKK BLOCK ",0
"  Comprei um tipo esse pra minha sobrinha no shopee.
Ela tá a duas semanas andando cm o microfone pra cima e pra baixo e minha irmã quer me matar.
Enfim,ótimo investimento!kkkkkk",0
meu deus do céu que odio quero me matar pq meu pai inventou de baixar telegram caralho n tenho paz nessa buceta nunca na minha vida,0
" simmm, e eu achei normal os surtos de raiva dele, tipo toda a pressão pra cima dele e ainda com gente cobrando ele. Slc se eu fico sabendo que o Voldemort quer me matar e q eu sou uma das horcrux eu estaria batendo com a minha cabeça na parede",0
minha mulhe quer me matar eu tenh ctza,0
"Que ódio posso nem ignorar meu pai q o infeliz é fofo, agr eu quero me matar por ser tão ingrata",0
Todo dia aquela pergunta  e se eu trancasse a faculdade? Ai eu lembro que meus pais iriam me matar,0
" vai me matar?
 ",0
eu poderia cair no soco com boninho por ele ter inventado essa merda de bbb com mais tempo que o normal vc quer me matar de odio????,0
 nossa vou me matar,1
essa menina quer me matar ,0
maneiras de me matar google pesquisar,1
 meu deus KAKAKAKAKAKAKA isso me lembrou o dia q a menina veio falar putaria cmg e falando que tava apaixonada em outra menina e q n sei oq e pediu pra eu ensinar ela a chupar bct????? e do nada um áudio do pai dela surtando falando q ia me matar ,0
essa mulher vai me matar do coração,0
"Ô tempo, colabore aí, a ansiedade pra ver o rostinho do meu bayby vai me matar. ",0
Eu tô com uma vontade de me matar que delícia,1
 E vai me matar junto ,0
G Qualquer coisa pode me matar amigo mas tenho que contar... e  seu filho o  foi beijado pela  ...Se eles não estão namorando eu não sei oque é isso,0
ninguém pode me matar... porque eu já morri aqui : ,1
 Vou fazer um curso apenas lendo suas postagens kkkkkk e depois vou me candidatar a vereador kkkkk ops aqui no RJ não dá vão me matar antes aqui e foda kkkkkk,0
Minhas cólicas vem pra me matar ,0
 muier você quer me matar ?,0
eu vou aproveitar e vou me matar,1
 MAINHAAAAAA VC QUER ME MATAR DO CORAÇÃO,0
SOS MINHA NAMORADA DISSE QUE VAI ME MATAR PQ EU NAO DOU UM FILHO PRA ELA 190,0
"Eu sou os dois, quero me matar ",1
"Essa noite sonhei que os traficantes da minha cidade estavam me perseguindo, pra me matar ... Foi tipo filme de ação e até a hora que eu acordei tava viva ainda",0
começo o meu dia entrando no twitter e dou de cara com ELA tentando me matar.,0
Eu tô doida pra fazer tatuagem e meu pai tá doido pra me matar se eu fizer ,0
nao eh possível q vou ter q comer fermento por 5 dias. a faculdade quer literalmente me matar eh isso?,0
"engraçado que pra ganhar 1kg eu preciso me matar, mas sentei perdi 3",0
vou me matar o biden ta pedindo ,0
"oi gnt,vou me matar.",1
tao inútil q nem p me matar eu sirvo,1
 Eu troco a minha letra a cada mês então fica meio confuso mas atualmente com letra minúscula mesmo minha mãe querendo me matar,0
 vou me matar thiagu,1
" Eu não sabia mais o que fazer. Então, agora, aqui estou, meu orgulho jogado pela privada, esperando que eu possa ficar no refúgio de solteiro do novo namorado da minha exnamorada, e quero me matar.

KKKKKKKKKKKKKKKKKKK",0
sério a Beatriz vai me matar mano akkakakakakakkakakakkakakakakkakaka,0
Carol vai me matar sufocada com esse perfume,0
nossa imagina ter que lidar com um neoliberal todo dia meu deus kkkk eu reclamando da vida e ele soltando discurso de coach eu ia me matar ,0
vou me matar,1
"vou começar a ficar meio off aqui pq vou me matar de estudar pra concurso público fml, a uniter precisa de emprego também",0
" PARA 
DE
ME
MATAR 
EU TO MORRENDO",0
a julhia vai me matar gente kkkkkkkkk,0
"as vezes tenho uma vontade absurda de me matar de uma vez pra ver se ela pelo menos começa a tratar as outras pessoas direito, nem que morra de remorso depois eu tô pouco me fudendo",0
"sonhei q eu tentava me matar e q minha mãe estava internada, obrigada sonho, vc me tranquiliza tanto",0
 NAOO E CREDO BUBU TÁ DOIDINHOO É?!? vai me matar de boiolice sua avisa ,0
   Você sabe a minha realidade pra saber se não vai me matar? Lixo humano,0
Me matar  me fazer sair com o cabelo molhado,0
"Eu odeio quando o livro da todas as dicas pra MC sobre quem o vilão é, todo mundo sabe e a bicha fica  nossa, quem será que tá tentando me matar?  não sabe como bicha ??",0
  nossa amizade nunca mais foi a mesma depois que você tentou me matar  rita lee,0
o jinie quer me matar de sdds,0
"Champions league, libertadores e BBB. Se isso não é um dia bom, pode me matar. Me levem embora.",0
"Hoje eu fiquei por aqui mais que o normal, bora estudar é kié. Beijos pra minha tl que hj só faltou me matar de tanto que me fez rir.",0
A LARA ME ACHOU NO TIK TOK VOU ME MATAR,0
 o cara mandou eu me matar,0
Essas mina nao se coloca no lugar de ficante cara vão me juntar pra me matar kkkkkkkkkk,0
" QUER ME MATAR DO CORAÇÃO? 
EU JA TAVA SURTANDO Q EU TINHA CHEAGDO CEDO NO TWEET DO LOU",0
primeiro dia de invitational os cara já mete faze x liquid quer me matar do coração caraio,0
"Comecei greys dnv, e minha irmã quer me matar kakakak já é a 6 vez ",0
" Na época meu primo havia sido arrancado do armário e estava depre por causa disso, no mesmo mês havia lançado a 1 temp de 13 reasons why. Minha mãe juntou esses acontecimentos e deduziu que eu queria me matar (?), viajou de RO pro PR só pra eu me assumir de forma suave kkk",0
meu pai tá querendo me matar hoje ,0
"Que vontade de me matar pqp

E quem colocou valor foi o estado, com o curso forçado, não a gente ",0
"essa dor de ouvido vai me matar, pero amor de deus",0
"  hahahaa eu tenho uma hernia na lombar desde 2012, de tempos em tempos ela tenta me matar",0
vão me matar,0
 pqp muie vc quer me matar,0
billie eilish vc quer me matar?????,0
"se me mandam uma proposta dessa eu vou na hora!
Se o Sheik me der 5 ou 10 mil por dia: TOP!
Se o Sheik me matar: TOP! ",0
 nossa um dia essa mulher vai me matar,0
"pare de dizer que não me ama que não vai voltar
que eu não sou e nem serei mais dono do seu coração 
que não tá nem aí pra mim 
com quem fico o que eu faço que eu posso até me matar 
não vem agora me dizer que todo amor e flores plantamos já morreram no nosso jardim por isso eu..",0
pensando seriamente em me matar,1
O Niall ainda vai me matar algum dia serio ,0
meu pai quer que eu já volte pra academia não sei não esse homem parece estar querendo me matar,0
"o questionamento é oq será q vai me matar hj, a cólica ou a dor de dente??????????",0
oq rolou na lista de espera da uff meu deus vou me matar,0
" Flavio tem que mostrar que ele não estar morto. essa é a sua chance. há, ele é tão quanto ao pai, nas retoricas.
o circo vai bommm.",0
"billie pra que isso cara, precisava me matar nao",0
"quando as meninas do xenomafia souber, elas vão me matar",0
realmente vou me matar num futuro proximo ,1
" Manoooo eu tenho uma avaliação final pra fazer, só q fui fazer essa atividade e tirei nota baixa tô ferrada. 
Tô com medo, meus país vão me matar tenho até amanhã pra fazer essa merda e tem um monte gente reclamando do brainly.",0
ai que ódio eu vou me matar deus me leva eu cansei dessa vida patética na terra,1
GENINHOS VÃO ME MATAR DE ANSIEDADE,0
 eu vou me matar to avisando,1
"  ai que ódio quando eu elogio suas coisas vc ignora minha existência mas quando critico vc vê eu vou me matar, era meme ivina esses desenhos são maravilhosos pfvr não deixa seus fãs me atacarem  ",0
já apareceu aaron pai de menina umas três vezes hoje na minha timeline vcs tão querendo me matAR,0
meu presente de aniversário é meu pai me matar de fome esperando ele p almoçar,0
o sal vai me matar,0
 depois só falta me matar na dm!!,0
estou com saudades dela mas certeza que se eu falasse com ela ×ela× e ela iam me matar,0
"crl eu nunca vi um cara falar tanta merda quanto esse maluco do coach quantico, parei na metade se não vou me matar",0
"minha mãe vai me matar, que ódio",0
"Se quando ela viesse estaquia ele , ele desse uma madeirada nela , não ia tomar uma facada, mané resolver na cnvs com a mina com um faca tentando me matar slc kkkkkkkkkkk ",0
minha vó ta fritando peixe vou me matar que fedo,0
 ai amiga ce acabou de me MATAR,0
BEATRIZ TU AINDA VAI ME MATAR OLHA WUE COISA LINDA MDS EU TÔ CHORANDO ,0
Se brinca de escorrega por que pode me matar??? ,0
vou me matar ,1
"14 dias pra fazer 8 provas com 26 questões cada uma

q ódio da organização da escola, eu to tentando o meu máximo mas tb não vou me matar de estudar até pq eu tenho coisas pra fazer, não vivo só pra estudar não",0
kagiura aoaixonado pelo hirano mas ele não sabe bem como o amor funciona e ele vai descobrindo isso conforme os sentimentos dele crescem e eu to triste quero me matar nunca vou viver isso,0
"a existência está superestimada de qualquer maneira
50 anos depois, eles não se lembrarão de você estar morto",0
" Vcs vão me matar de ansiedade, atualiza esse ordenamento logo",0
camila tirou o dia pra me matar,0
"boa tarde povo 
estou sumida por motivos de a faculdade quer me matar",0
A billie só vai lançar o álbum dia 30 de julho e até lá minha ansiedade vai me matar  ,0
pra minha melhor amiga me matar  ,0
 amg odeio esta missão vou me matar,0
Minha mãe vai me matar quem amou,0
minha insegurança e meu orgulho vão me matar,0
deixei minha capinha de molho no negocio por 12h e continua amarela vou me matar ,0
"eu sinto sua falta mas você está 100000 vezes melhor sem mim, e isso tira o peso na consciência de ter te deixado ir embora

md",0
"   Né foda? Agora eu tenho que me matar por quem nunca moveu um dedo pela minha torcida, evitava postar coisa do Gil quando ele tava queimado, nem comentava ou respondia os posts oficiais? É bonito demais isso, me poupe",0
"Manoooo vou me matar de tanto farmar dima, mas eu pego aquele punho VTmnc, skin linda da porra (eu só quero aqle punho )",0
"floki pulou o muro, esse cachorro vai me matar um dia",0
A JULIA ESCUTANDO MEU AUDIO COM O MIC DA AULA ABERTO EU VOY ME MATAR,0
Shawn e Camila tiraram a semana pra me matar,0
Essa menina uma hora vai me matar do coração,0
" A INTENÇÃO ERA ME MATAR? PQ SE ERA, CONSEGUIU! ",0
 Mas a minha mãe vai me matar,0
" O hino da esquerda Ibis

Meu caminho é de pedra, como posso sonhar
Sonho feito de brisa, vento vem terminar
Vou fechar o meu pranto, vou querer me matar",0
"eu tô sozinha em casa e eu tava no BANHO q o carteiro chegou 

quis me matar por um momento",0
O dia que o fiori me matar 1 vez no mid eu desinstalo o jogo ,0
minha mãe vai me matar kkkkkk,0
 quando tu me matar bota essa no enterro!,0
" mas aí que é bom, vc paga por um ano depois não precisa mais pq todo mundo já vai estar morto mesmo",0
"Me arrancaram um diu com tudo, e deixaram entalado no colo, tive que tirar cirurgicamente. Nem um desculpe o mau jeito me foi dito...

Me receitaram hormonios que podiam me matar, só porque sim, 3x mesmo eu dizendo que eu não podia tomar.",0
Cansado de viver nesse lugar imundo ,1
"eu pedi pra deus um presentinho e olha qm ta segurando minha mão, depressão, ansiedade, distúrbios mentais, tristeza, tesão, atividade acumulada, vontade de me matar, cansado,dor,traumas, insônia,baixa autoestima,entre outros",1
"  Tu q vai me matar, assassina ",0
"É hj q minha sinceridade vai me matar, to ate vendo",0
A curiosidade de querer saber das coisas ainda vai me matar de ânsia ou fomentar inseguranças dlque também me matam ,0
"As coisas só aparece pra me destruir, vontade de me matar ",1
A mãe vai me matar,0
"que inferno, ela trancou o perfil 
acabou de me matar. quero saber das fofoca",0
esses sonhos um dia ainda vao me matar ,0
 me ressucitava só pra me matar,0
"Todo dia mandam os emails na parte da manhã, hoje que chegou o dia tão esperado da resposta, nada ainda. Querem me matar de ansiedade mesmo.",0
ACARALJO MINHA MAE VAI ME MATAR,0
 Vou me matar,1
 Eu vim antes q vc viesse p sp só pra me matar KKKKKKKKKK,0
"Sou a cara de meu pai, vou morrer sozinho com meu rancor, igual a ele",0
vou me matar ,1
"   toda vez q eu dava uma gargalhada. E dizia q ia me matar. Ele entrou no metrô q já tinha saído. Eu moderei nas minhas gargalhadas em público só por conta disso. Eu olhei rápido pra esse senhor em um momento e ele tava com muita raiva e agitado, mas não desconfiei q fosse comigo",0
billie vai me matar de ansiedade,0
 Nem pensar... prefiro me matar de malhar na academia que entrar na faca,0
hoje a rosalinda quer me matar com a beleza dela,0
to fazendo cafe cremoso se der errado minha mae vai me matar,0
"Pensei em me matar
Mas lembrei que no inferno não tem cerveja e desisti kkkk",0
Bia vai me matar se eu não fizer essas figurinha hoje,0
eu vou me matar todos os caras que sou fã flertando na minha frente,0
"     toda vez q eu dava uma gargalhada. E dizia q ia me matar. Ele entrou no metrô q já tinha saído. Eu moderei nas minhas gargalhadas em público só por conta disso. Eu olhei rápido pra esse senhor em um momento e ele tava com muita raiva e agitado, mas não desconfiei q fosse comigo",0
 e vc ter dado risada ao invés de querer me matar foi o melhor,0
"eu fazendo piada durante a aula de espanhol e minha amiga querendo me matar 
sou muito madura mesmo",0
 ele com arminha pronto pra me matar ,0
 garota pelo amor de deus vc quer me matar ,0
"vao tentar derrubar, que é pra me ver crescer; e as vezes me matar que é pra eu renascer; como uma supernova que atravessa o ar; eu sou a maré viva, se entrar vai se afogar   ",0
toda vez q eu lembro q n mergulhei nesse lugar pra n estragar minha chapinha durante a viagem eu tenho vontade d me matar ,0
Mano eu quero me matar eu sou muito burra eu vou morrer,1
"eu vou ter q esperar até 20:30 pra poder ouvir esse álbum novo da Duda Beat, minha ansiedade vai me matar até lá",0
essa cólica vai me matar,0
"Assim consegui 4 cachorros, e minha vó querendo me matar ",0
A carência vai me matar um dia ,0
acho que vou cometer suicidio falta isso aqui ,1
eu odeio cólica vou me matar,0
Final de período pq queres me matar?????????????? ,0
O  é tão BURRO jogando Zelda que dá vontade de me matar,0
45 questões???? quer me matar professora??,0
  SAMUEL VOU ME MATAR SE ELA COLOCAR ESSA BOMBA NO ÁLBUM,0
minha garganta parece que quer me matar,0
"povo é bom pra pedir dinheiro emprestado pra pagar é a briga e se tu vai cobrar ainda fica puto, tenho dois filhos que se eu deixo sem comer falta me matar",0
de novo eu sonhando com perseguição meu deeeee não aguento mais o povo querendo me matar,0
Falei pra minha mãe que quando comecar a trabalhar vou querer um iphone e ela já quer me matar,0
essa professora quer me matar,0
O veii eu derrubei um copo de suco de MARACUJÁ  na cadeira e no tapete.Qual a chance de minha mãe me matar?,0
eu fui levantar do sofa meu deus minhas vostas vao me matar,0
  se eu me matar a culpa vai ser sua beatriz,0
" depende, até umas semanas atrás, eu não conseguia dormir com os meus funkos na estante, tinha que guardar, mas não porque eu achava que eles iriam me matar, mas porque é como um incômodo, sabe? seria a mesma coisa se tivesse um manequim no meu quarto, por exemplo",0
Eu vou cometer suicídio!!!!!,1
"Vou comer a vasilha de salpicão todinha kkkkk,minha mãe vai me matar",0
  Ah não vocês querem me matar,0
minha  mãe  me   deu  spoiler  de sombra e ossos     eu    vou   me   matar,0
eu vou me matar,1
Se alguém quiser me matar saiba que já estou morta... DE CANSADA,0
" seu namo vai me matar kkkjjk, isso sim",0
"A Hallana ainda vai me matar de rir qualquer dia desses, e tenho dito.
Porra! ",0
"SIM, AMIGOS BRASILEIROS, NÓS GANHAMOS!!!

A Billie ainda vai me matar do coração um dia ",0
tô fudida pqp minha mãe vai me matar hj,0
"eu não quero mais viver meu deus
eu não aguento mais",1
 Vao me matar derrubar minha conta,0
minha dentista deve tá com vontade de me matar pq já remarquei a extração do meu dente 3 x,0
só faço merda vou me matar,1
Ai meu vô que me matar do coração outro susto desse e acho que guento mais não,0
elas estao juntas no dormitório eu quero me matar.,0
"eu ontem: vou me matar sem zueira 

eu hj: krlh que vida incrível mó paz ",0
muito boa essa sinto vontade de me matar toda vez,1
"não consigo me concentrar em nada, pois só penso em transar cm minha namorada que vai me matar quando ver esse tweet, mas nem ligo",0
a billie quer me matar do coração,0
sonhei que tava em guerra com os ballas no gta eles me perseguindo pra me matar foi loco esse dia ,0
" NAO SEI COMO RESPIRAAA, ELA VAI ME MATAR UM DIA PQP 

happier than everbillie",0
o que essa gostosa ta fazendo com vc donghyuk eu vou me matar ,0
"a lys ainda vai me matar do coração, cheguei a passar mal  q coisa bem seria essa branquela",0
essa billie eilish vai me matar um dia,0
"  Amg, você quer me Matar?",0
alexa toca vou morrer sozinho by jao ,0
BILLIE VOCE VAI ME MATAR,0
ODEIO quando eu perco o botão de tweets recentes e tenho q subir um caralho de coisa vou me matar.,0
sinto que o Arthur tem vontade de me matar cada vez que abro a boca pra falar de algum mlk,0
meu deus esse torcicolo vai me matar de tanta dor,0
"Ain minha nutri vai me matar
A nutri: ",0
Minha mãe falava meia duzia e eu levava doze ovos pra casa faltava me matar heusheus ,0
 Antes nego queria me matar e tudo kkkkkkkkkkkk,0
"petição pro  nao me matar:

 gio",0
 quer me matar é .,0
fodase vou me matar,1
Letícia quer me matar do coração,0
"Quer me matar? É se atrasar em algum compromisso comigo, eu falto morrer! ",0
Essa dor de cabeça vai me matar,0
ESSA MULHER VAI ME MATAR AINDA PQP ,0
"não eh superioridade não, eh minha gastrite mesmo q só falta me matar ",0
n fritei o ovo direito e a gema ficou mole por dentro eu quero me matar eu comi gema mole eu me odeio,0
 a minha falta me matar,0
 quer me matar né ,0
"q vontade de me matar logo, n aguento mais",1
que isso minha playlist só propondo kpop ballad quer me matar,0
 Vou me matar,1
essa mulher vai me matar ,0
minha mae gai me matar pra que q eu fui abrir a boca,0
BILLIE EILISH POR QUE 3 MESESSSS VOCÊ QUER ME MATAR?,0
Será que ela tá querendo me ensinar ou me matar? Rsrs,0
"Aula acabou mais tarde pq minha sala infantil tava levando sermão e EU PERDI A LIVE DA TINA

VOU ME MATAR!!!!!!!!!",0
EU VOU ME MATAR ,1
 Aí vc quer me matar de indecisão mskskssk,0
Vou me matar,1
"Um dia o orgulho que eu sinto de você vai me matar, pela sua capacidade de se reinventar, seus sonhos são tão palpáveis por conta da força de vontade que coloca neles, que todo mundo que te ouve falar consegue enxergar você lá um dia. Eu torço tanto por você, pela sua felicidade,",0
"Ela vai me matar de anciedade
Como amo essa fic ",0
Esse ai vai morrer sozinho se continuar nisso,0
" O universo quer me matar mas n faz um carinho n paga um jantar n manda áudio do filtro labial 
Foda isso",0
MDS meu primo ainda vai me matar do coração ,0
 LDBQORQOHRQOHE ela n chegou a me matar mas ficou me atazanando a partida inteira com a porra da ult dela,0
"Meu padrasto vai me matar de fome. Ele quer comer feijoada e ainda não vou comprar as coisas, não vamos almoçar hoje, vamos jantar apenas",0
vou cometer suicidio egoista,1
tentei me matar mas esqueci que tenho 7 vidas affff q saco,0
OMG EH ALBUM (((( BILLIE VC VAI ME MATAR DO CORAÇAO MULHER,0
MEU DEUS A BILLIE VAI ME MATAR ,0
meu pai vai me matar pelo amor de deus pq eu fui falar aquilo agr a satisfação passou,0
"Daqui a pouco a NaClara vai querer me matar, mas ela que lute  ",0
essa menstruação vai me matar,0
"essa ansiedade ainda vai me matar, senhorr",0
billie vc vai me matar,0
Bossa nova BILLIE EILISH VC VAI ME MATAR MULHER,0
"Óbvio que quando o assunto ressuscita não é bom, aumenta hate e etc, mas pqp, completamente desproporcional esse surto. Tem fã que o coracao não aguenta caralho, vcs querem me matar?!",0
EU APAGUEI O KOGO DEM QUERER VOU ME MATAR,0
 eu quero me MATAR,1
"hoje é meu fim, certeza, a cólica vai me matar ",0
vontade de me matar,1
 Deus me livre ficar sem meu amor  tu ainda vai me matar do coração FDP ,0
minha perna tá tremendo muito meu deus essa billie ainda vai me matar,0
Aulas vão me matar ,0
Me falou pra ser paciente e calmo pq vão querer me matar na unha e cara tá muito certo,0
"O CARA ME CONFUNDIU COM MEU IRMÃO, DEVO ME MATAR?????",0
" minha gata só falta me matar, é pq ela não sabe empunhar uma faca",0
"meu celular pegou fogo, SOCORROOO. minha mãe vai me matar  ",0
gente o moço botou uma película horrive no meu celular vou me matar,0
"tem uma mjna q trabalha cmg q ta tentando me matar desde o início da pandemia

tava com covid nao falou nada
depois o namorado tava com covid ela nao falou nada
agr o irmao q mora com ela tava com covid e advinha??? nao falou nada",0
eu vou me matar de todas as formas que eu encontrar ,1
meus vhope eles sao meu tudo eles ainda vao me matar de amor eu to morrendo de saudade desses dois ,0
eu falo sobre me matar no twitter tem 30 anos eu n aguento mais falar falar falar e n fazer eu n mudo eu to tentando tudo que da pra mudar mas n consigo entao assim qual o sentido disso tudo,1
essa demora ainda vai me matar de ansiedade aaaaaaa,0
eu terminei tear de prata e só tenho uma coisa a dizer: a autora quer me matar de tristeza.,0
eu vou me matar ,1
"Como diria a Manu, se minha intensidade ainda for me matar, eu prefiro ser poesia e ter histórias pra contar",0
"Tô achando meu perfil estranho, quero me matar",0
"agr eu tenho um cartão lindo no nome da minha mãe, esperando ela chegar em casa pra me matar ",0
"Eu quero que Camila fique, estou votando um pouco, agora me matar em votação só quando Juliette tiver.",0
"Jesper é o personagem mais chato e inútil da série
ele aparece em cena eu quero me matar",0
MY FUTURE NO ALBUM VOU ME MATAR FRACASSO JÁ PODE CANCELAR ESSA ERA,0
"    Prende ele oh, ele tentou me matar, sorte que eu desviei ",0
"Fui comprar um kilo de carne de sol e deu 44 conto, pensei que o cara tinha me enrolado e a conceica ia me matar, mas a porra do preço é esse mesmo

44 fuckings reais em um kilo de carne de sol",0
tão tentando me matar no trabalho... ar condicionado gelado do caralho ,0
"Se o ator que fizer o Nikolai for tão carismático e charmoso quanto o Ben e ter tanta química com jessie quanto ele, malina vai estar morto feat enterrado. E então Leigh vai ter que largar seu orgulho e admitir que errou ou vai cometer o mesmo erro duas vezes. ",0
Quer me matar é visualizar e não me responde ,0
 AAAAAA rosinha cuidado pra não me matar do coração ,0
hmm vontade de me matar ,1
 eu tenho depressão e vou me matar em breve,1
Olhando minha nova plataforma de treino e meu deus a Tabatha vai me matar,0
A GENTE VAI TA DE FERIAS MEUS DEUS EU VIU ME MATAR QUE ESSE DIA CHEGUE LOGO ,0
hj to suave só pensei em me matar 228 vezes,1
tomara que eu não tenha vizinhos bolsonaristas que vão tentar me matar depois de me ouvir gritando,0
"vou me matar, quem apoia?",1
"Eu amo o oceano, não ligo se tem bicho esquisito e que poderia me matar eu não consigo não amar o oceano",0
"Pessoa: me encara 
Eu: encaro de volta
Pessoa: continua me encarando 
Eu: fudeu vai me matar crtz",0
NAO GENTE NAO E POSSÍVEL EU VOU ME MATAR ,1
"A Regina pra tinker bell quando caiu da varanda foi tipo eu não tentei me matar, mas se eu tivesse morrido tava mais que ótimo",0
mano eu vou me matar ,1
essa cólica um dia ainda vai me matar,0
"eu não acredito no que eu fiiiz, minha mãe vai me matar",0
" Alguém sabotou o prego que tava segurando o relógio, tentaram me matar tenho certeza",0
a faculdade ainda vai me matar de ódio ou ansiedade,0
" oi, vc tá qrendo me matar é isso?",0
Se um dia a velocidade me matar saiba que morri sorrindo paul Walker,0
Legitimamente engatilhado ao ver isso porque sonhei que tava dirigindo um carro da Nintendo e o Mario tentou me matar cortando a transmissão dos freios ,0
e a pró vida do tik tok que acabou de mandar eu me matar,0
quer me matar eh pedir p ficar em call,0
Essas minhas dores um dia ainda vão me matar véi ,0
BILLIE MINHA FILHA QUER ME MATAR DO CORAÇÃO?????? POIS MATOU. ,0
EU VOU ME MATAR ,1
CARALHO BILLIE VOCE QUER ME MATAR ?????,0
que vontade de me matar serio,1
"Vou encher o cu de trago e fazer loucurada com um bruxo meu, eu e ele sem carteira no carro do meu primo... vou correr o risco de matar alguém ou me matar e depois vou pedir dinheiro pra ajudar na minha cagada. 
Algum amigo pra fechar comigo nessa aventura? ",0
 se isso é estar morto meus amores,0
quanto eu tenho que pagar pra alguém me matar?,1
to vendo o produce 101 e meu deus do céu eu ia me matar se a kahi falasse assim comigo na frente de todo mundo kk,0
 vou me matar,1
Essa tristeza ainda vai me matar,1
 nossa eu vou me matar,1
esse livro vai me matar de vergonha alheia,0
eu te amo billie mas vc vai me matar de ansiedade,0
Esse tipo de tweet no horário do almoço cheio de fome ainda vai me matar um dia ,0
"pai vai me matar, real",0
A porra do meu coração quer me matar ,0
Essa dor no estômago e essa coceira vai me matar,0
"quer me matar é quando terminam de comer e largam o prato em qualquer lugar, q ódio",0
A MINHA TPM VAI ME MATAr,0
perdi metade dos potes aq de casa mamãe vai me matar,0
o gustavo só falta me matar por causa disso ,0
o financeiro da una ainda vai me matar de raiva algum dia ,0
"Junior vai me matar, meu cabo do carregador já tá com mal contato faz nem 1 mês que ele comprou p mim",0
tô mt triste q tu n gosta de mim ó vou até me matar,0
Se minha tpm não me matar minha rinite mata ,0
eu to cansado de viver a vida por viver,1
Minha avó vai me matar do coração ainda,0
Meu deus a mamãe vai me matar,0
"Eu odeio que me liga, no geral, mas me ligar pelo WhatsApp é pedir pra me matar do coração de ódio.",0
   esse dinheiro bem aí pra um corte que vai sarar em 5 dias? meu deus eu quero me matar,0
"Alguém me ajude, eu não sei mais oq fazer, a cólica vai me MATAR AAAAAAAAAAAAA",0
mej deus eu vou me matar,1
vou comer muito hoje pq eu vou me matar hoje anoite,1
  quer me matar?,0
Dei uma volta de moto c o Vagner domingo e a casa 1 minuto eu falava p ele não me matar KKKKKKK,0
ERA SO DEIXAR A GENTE ESCOLHER CUCETAAAAAAAAAA VAI SE FUDEEEER EU CAÍ NO GRUPO DO SAMURAI EU VOU ME MATAR,0
Nossa quer ver me matar é fazer ignorância com a minha vó,0
 KKKKKKKK mano tem um brownie lá que parece mt bom mas deve ser 30 reais vou me matar,0
quer me matar do coração só pode kkkkkkkkkkk,0
Mds quebrei o prato chique da mãe ela vai me matar socorro,0
"Um mano ali, falando que vai me pegar e vai me bater, me matar, vai fazer tudo de ruim. Eu passo perto do brabo, ele falta comprimentar kkkkkkk",0
A Marina deve estar querendo me matar!,0
cheguei na minha vó e ela ta querendo me matar pq diz ela que ela só atrasou o almoço pq tava tik tok e que ela agr ta viciada,0
"isso tudo pq tô com o óculos antigo que tem o grau errado, não enxergo porra nenhuma e a ótica ta me enrolando horrores pra enviar o novo devem ta esperando eu terminar de me matar eu acho",0
"minha vó saiu e pediu pra eu fazer alguma coisa mas agora não lembro o que foi
ela vai me matar KWJDJSKKXSJHXK",0
"Qeria MT ter um crocodilo de estimação, que não quisesse me matar",0
vou me matar.,1
Eu quero me matar ,1
"Minha vó prefere que eu pague van pra ir e voltar do dotti pra chegar em casa e me matar pra comer rápido pra dai pegar ônibus pra ir e voltar do trabalho, doq me colocar no ps que é só eu pegar o ônibus de manhã e de noite e já tudo pronto só falta os papel, a vai se fode",0
to deixando bem claro que eu não gosto da elena e acho ela sim uma personagem podre......eai vai fazer o que?? me matar por ter opinião propria??????,0
fui no mercado e voltei destruída.. sério esse sedentarismo vai me matar,0
Itzy maluquinhas não pode me matar assim do coração,0
" Ah sim,  vc é tipo o it a coisa? Sabe que tem permissão pra me matar fa ok?",0
pq vcs querem me matar ?,0
nossa como é bom estar de tpm vou ouvir o evermore agora e me matar,0
quer me matar é eu pedir opinião pra uma pessoa e ela responder com escolhe o q vc se sentir melhor,0
 Uma Boa ideia unha postiça nunca usei mas tem pequena né pq se for grande capaz de eu me matar com elas,0
 vou me matar,1
"desenhei a garota que vai me matar de ansiedade vulgo billie eilish 
 ",0
vou me matar ,1
Mds Alysson vai me matar do coração kkkkkk,0
"e a minha família que todo mundo quer que eu e o gustavo tenhamos filhos agora kkkkk, pelo menos se acontecer sem querer ninguém vai querer me matar kdkckdkc",0
"Eu admiro ver as pessoas que ainda tem expectativa para o futuro delas, porque pra mim se eu não me matar daqui para o final do ano eu saio ganhando",1
 Kkkkkkkkk aí elas querem me matar,0
"eu amo o conceito dos crentes de agradeça a deus por vc nao estar morto
 obrigada senhor pelo mimo de nao fazer uma carreta passar por cima de mim e me mandar diretamente para o inferno vc é tudooo ",0
Ele já cantou 4 músicas eu vou me matar,0
"estou a gostar bwe de passar a maior parte do tempo a pensar em ti, principalmente quando estou a conduzir, se queres me matar avisa caralho",0
 vai me matar de rir caraio,0
eu não quero mais viver só incomodo e atrapalho,1
"essa cólica vai me matar, certeza ",0
 que homem lindo me matar,0
o siso vai me matar,0
"Lá em casa eu quero ser a Super Nanny que ensina tudo com calma mas infelizmente é tudo ao contrário eu grito bato Xingo chamo nome ruim acho ate vou infarta no final ainda falo vc vai me matar quem me deixa assim uma criança abençoada 
 Tem 6 ano ",0
 eduardo eu vou me matar,1
desisto vou me matar eu nao sabia ,1
namoral me matar de fazer prova pra ganhar 5 ponto é de fuder viu,0
meu refluxo ainda vai me matar kkkkk acabei de me afogar c minha própria saliva meudeus,0
ó senhor esses velhos ainda vão me matar de preocupação,0
"Quer me matar? Escreva meu nome com K , PORRAAAAAAAAA é Carol com C.... C de caralho ",0
Um dia Lewis Hamilton vai me matar do coração com esses stories ,0
" HAPPY BDAY NEIRU

honrando o time pra ninguém me matar dps",0
" É esse mesmo, eu só queria me divertir sendo ruim em jogos. Mas os viciados de anos tem que me matar 10x na partida.",0
 VC QUIS ME MATAR PRIMEIRO,0
 HYGOR ELES NÃO POSTAM NO TT SELA EU VOU ME MATAR,0
tive uma crise fudida ontem e agr minha mãe n quer me deixar sozinha achando que eu vou me matar,1
Adriane vai me matar quando ver as fotos que eu postei no status ,0
"Tia Lu fez um empadão,que nao deixei nada pro Gabriel kkkk ele vai me matar",0
PORRA 30 DE JULHO SÉRIO BILLIE EU VOU FICAR 30 DIAS ESPERANDO ISSO VC TMLC QUER ME MATAR PUTA ,0
"não vem com essa história pro meu lado de me mandar assistir uma série, e ela só ter uma fucking temporada. quer me matar me da um tiro",0
"Sol vai me matar com suas observações, estarei deixando avisado aqui..",0
"ela ainda ia deixa o Damon morrer sozinho, quem faria uma coisa dessas mano!!:!:?:?:!:?:! s s q",0
Aiai eu só quero ver se amanhã a minha mãe vai me matar ou só me espancar mesmo ,0
Vou me matar fodase,1
amanhã vou na psiquiatra serio se eu tiver no mesmo estado que hj ela provavelmente vai me internar ou eu vou me matar antes de chegar la,1
esse pessoal falando pra eu ir na campanha de vacinação tão tudo querendo me matar,0
sonhei que o Hulk queria me matar (?),0
 vou me matar ,1
 Meu santo rakin Lena se quer me matar do coração...  tá tão perfeitinha aaa,0
"   eu nada. tô só falando as verdades nessa rede. a milícia dos cactos vai me matar em breve, mas não tenho medo dessa organização criminosa é fedorenta",0
 Lembrando aqui que comi doce de leite também. Vou me matar,0
" Oww meu bem,okok,n vou me matar.",0
Faz uns 5 dias que eu não penso em me matar será essa uma evolução???,1
"ai que vontade de me matar, que saco",1
Mais um dia cancelando minha aula de violino. Meu professor vai querer me matar,0
billie eu te amo mas vc quer me matar de ansiedade,0
" com a dor de garganta que eu tô, se me matar eu vou agradecer kkkkk Brinks, pq ?",0
por que que isso ta acontecendo cara kkkkkk QUEREM ME MATAR,0
"ai acordei triste, vontade de me matar",1
 de um serial killer me matar no banho enquanto eu to com sabão no rosto,0
tentando entender quem são essas pessoas e quais delas querem me matar,0
vou me matar ,1
só 30 de julho quer me matar billie,0
"   Perai phabell, cê quer me matar?",0
vcs querem me matar fala logo ,0
um dia essas montagens vão me matar do coração ,0
não acredito que ela tá passando anime na aula vou me matar,0
E eu que sonhei que o Thomas shelby queria me matar kkkkk,0
vou me matar ,1
Acordei com uma foto dessa quer me matar Shawn Mendes??? ,0
 Quer me matar é beber água igual pato ,0
O PULL NA MINHA SECUNDARIA EU VOU ME MATAR O NATSUME PISTOLA ,0
"Tenho coração fraco e sou uma pessoa muito ansiosa!!! Vocês querem me matar???
  ",0
Se eu n comesse guacamole hj acho q minha lombriga ia me matar,0
"  vou me matar pra conseguir, mas vamos conseguir!",0
 Tá querendo me matar né,0
indo me matar ,1
   vou me matar,1
 Que inferno de desgraca é essa meu deus que horror vou me matar,1
"a ed física hoje tentaram me matar viu, levei chute na canela, cutuvelada na garganta, tô toda arranhada, meteram um murro no meu peito, tô é morta",0
ITZY VCS VÃO ME MATAR CM ESSE CB PUTA Q PARIU,0
"Gente eu to sem acreditar, minha pressão ja caiu, eu ja surtei, eubja gritei, eu ja pulei, billie ainda vai me matar serio ",0
acho q minha cachorra quer me matar ,0
" Dm, to com medo de aniplex me matar Kk",0
carol Borba vc quer me matar sim ou sim,0
  tá querendo de tristeza me matar a essa hora ???:!:!,0
"queria poder mandar o Getúlio Vargas enfiar o Plano Cohen no cu

uma pena o desgraçado já estar morto ",0
"caralho mano quero me matar real, n aguento mais",1
30 de julho billie???? você quer me matar??,0
Eu tô na casa da minha amiga e ela falta me matar de fome,0
   pq vc ama me matar hein,0
"takemichi: mikey nao se mate
mikey: nao vou me matar obrigada
saem felizes E Juntos takemichi tropeça e cai",0
"Revi o vídeo que eu fiz quando cria pra Restart e pela primeira vez não quis me matar de vergonha, pelo contrário, me achei a coisinha mais linda do universo, superei essa merda, GRATIDÃO",0
 os emo quer me matar,0
30 DE JULHO BILLIE EILISH VC QUER ME MATAR DE CURIOSIDADE,0
"era só uma pílula que fizesse a gente ficar gostosa 
n aguento mais me matar nesses treinos, scrr",0
ESSE EPISÓDIO VAI ME MATAR DO CORAÇÃO,0
"Se quer me matar de curiosidade, me manda Oi tudo bem e some.",0
a lágrima caindo ali meu deus vc quer me matar Billie Eilish? ,0
Ainda deitada essa dor nas costas vai me matar,0
tô do lado da casa do joão será que se eu for lá almoçar ele vai me matar?,0
medo de voltar com o ccat e mandaram eu me matar que nem da última vez ,0
"nossa eu quero me matar de vergonha depois de ler minha conversas antigas no messenger, depois de anos sem instalar isso pra queee",0
VOU ME MATAR EU FALEI 0,1
"Maya vai me matar, mas fazer oq",0
e eu tb n vou me matar p pagar uber toda vez saio p qualquer lugar. não adianta fazer mais dívida pq eu sei q n posso pagar uber. teve época que eu saia 4h antes do horário da faculdade e mesmo assim eu chegava atrasada,0
Quer me matar é eu estar na moral e insinuar algo sobre mim,0
O LIAM QUER ME MATAR NÉ??? SÓ PODE,0
mazikeen smith um dia ainda vai me matar do coração.  ,0
vc vai morrer sozinho com a sua mão agindo assim...,0
Legal vou me matar,1
 gosta de me matar do coração ,0
a pucsp ainda vai me matar,0
nossa a daianny vai me matar,0
Comi muito vou me matar,0
saudades fevereiro quando só existia sonho erótico agora só sonho com gente tentando me matar voti,0
  quando eles forem a gente já vai estar morto,0
mds minha mae vai me matar,0
MEUDUUS BILLIE EILISH MEUDEUS VC ME SALVOU E VAI ME MATAR DO CORAÇÃO MULHERRRRRR,0
"Estou bem? Não 
Vou estar bem em breve?provavelmente não 
Pretendo me matar? Sim
Vou dizer o porque ou tentar continuar viva? Provavelmente não",1
  Minha mãe ia me matar,0
"O INSTAGRAM QUER É ME MATAR DE SUSTO, SAPORRA!?
EU FIQUEI GELADINHO  ",0
"quero me matar, so de imaginar ela ficando com algm doi meu coracao, pelo menos ela vai ta feliz",1
"ultimamente tô sempre sonhando que tem alguém querendo me matar, devo me procurar?",0
" sisu vai me matar do coração, n guento mais esperar",0
 Kkkkkk não tem como ela me matar se eu não entrar na aula,0
ela vai me matar ainda ,0
"eu vou continuar sendo solo e apoiando o trabalho do ot6 msm vcs me xingando, dando unf, mandando eu me matar e o carai a quatro",0
música quinta e álbum novo ela qr me matar pqp,0
"nunca passei tanta vergonha na minha vida igual hj pqp ,quero me matar dps disso",1
fodase eu vou me matar,1
" : já stalkeei?: simm
: gosto de você?: d, d
: shippo com: 
: confesso que: fiquei com medo da Letícia me matar por querer amigar com vc 
: ppp: passo",0
"essa lua em escorpião vai me matar, tenho absoluta certeza",0
BILLIE EILISH VOCÊ AINDA VAI ME MATAR AMDNDIFN,0
essa serie ainda vai me matar ,0
 Eu jogo de lux e ainda n achei nenhum zed digno de me matar e namorar cmg,0
"Manchei de tinta o meu pijama preferido, vou me matar ",0
" Por mim nem grade tinha, ja iria logo pro colo do capeta, vai pra cadeia dps volta a cometer crime, melhor morto, morto não comete crime !!",0
RENJUN VC É O MEU FAV DO DREAM PRA Q ME MATAR DESSE JEITO???? EU TE AMO UAAAAAAAAÁ ,0
txt vcs vão me matar sério não aguento mais esperar q odio eu to muito curiosa ,0
 Ia literalmente me matar de rir (),0
Eu deixaria o Dexter me matar,0
Quando a colega tá aqui são no máximo 7 consultas hj eu já lancei uns 15 kskskskskssk vão me matar eu tô sentindo,0
" e eu que li tentar não me matar né
e eu quase respondi tô assim tbm
manoKKKKKKKKKKK",0
 toda vez que tu aparece na tml eu quero me matar apaga isso agr apague,0
eu vou me matar ,1
esse negócio de dia das mães vai me matar de ansiedade eh sério,0
 nao vai perder se eu n me matar,0
" fala isso nao, vou me matar",1
Michael Myers veio me matar mas daí tava tocando sharp dressed man e agora estamos dançando,0
Sonhei q aquele Allan Jeon tentava me matar me enforcando no meu quarto ,0
"isso ainda vai me matar KKKKKK pprt 
 ",0
"Eu quebrei essa merda desse botão, nss eu vou me matar",0
" Tmb já sofri bastante , mas me matar nunca . Se matar não tem volta.",0
Fabiano vai me matar? Vai me matar! Mas eu vou comprar uma torneira gourmet monocomando kkkkk,0
"minha mãe vai me matar na hora que descobrir oq eu comprei ou vai ficar feliz e eu n vou ficar de castigo, medo de ficar de castigo KKKKKKKKK",0
" vc quer me matar só oq me faltava né, coração chega parooou",0
apetece me matar toda gente? sim,0
"Vou, se a coca não me matar o Bolsonaro mata ",0
 Vc quer me matar ,0
draco vai me matar eu vou morrer dnv mlk,0
"Eu esqueci que não posso me matar ainda, ano que vem vou fazer tour pela europa",0
"Peguei o Pc da minha irmã emprestado e fui inventar de fazer um upgrade na Ram do note e dei curto no terminal 
Pelo amor de deus 
Meu pai vai me matar fudeu",0
um dia o Alê vai me matar do coração ,0
de madrugada meu gato tentou me matar ele pisou no meu pescoço,0
AMASSEI O THOME ELE ME DEU 150 FALOU Q FOI FACIL E TEVE A PAUSA A MSC P ME MATAR,0
"  Bah sor, não é mal vontade não, é que tem duas resenhas pra essa semana e mais um livro que a gente vai ter que escrever pra português, eu estudei o geral da tua matéria e fiz um texto, p mim n vale a pena essa semana me matar por dois pontos, se não tivesse nada pra fazer blz",0
"puta q pariu essa desgraça vai ganhar 1,5M quero me matar, tem pior ainda nos comentarios desse tweet ",0
"A TACIANA TINHA UMA FILHA QUE ERA MUITO GATA E DEPOIS ACABAMOS FICANDO DE DENGO E ELA COMEÇOU A ME PERSEGUIR COM UMA ARMA PARA ME MATAR, MAS QUANDO JÁ NÃO TINHA MAIS LUGAR PARA EU FUGIR LEMBREI DE ALGUÉM ME CONTANDO SEI LÁ O QUE E DISSE PARA GAROTA ME MATAR

E ELA PAROU!",0
stan da jade que não entende uma palavra do q ela fala  eu KKKKKKKKKK juro inglês britânico ainda vai me matar,0
por que eu nunca vejo quando meus pais me ligam mds eles vão me matar ,0
participar desse reality vai me matar ainda juro ,0
EU VOU ME SUICIDAR ,1
nao tenho um minuto de paz acabei de me matar fds estudando pra essa prova de manha e ja vou ter q estudar pra 2 aulas diferentes de amanha,0
  Vou me matar,1
Esse TPM vai me matar um dia senhor ,0
Não aguento mais minha vida de empreguete,0
"Eu tenho um Deus que não vai deixar essa luta me matar, o desespero me tomar ",0
vou me matar ,1
 Depois desse seu comentário vou até me matar ,0
se eu namorasse o joe e depois ele terminasse comigo eu ia me matar e nem to brincando,0
  vai me matar do coração,0
o ead e essa jararaca de professor vão me matar um dia,0
como pode ser um homem tão gostoso eu vou me matar,0
"Eu comprei 11 case na Shopee pro meu celular. Mainha vai me matar quando chegar, pse. ",0
" Paulo Jegue vai morrer sozinho, mas nao larga o ministério. Vaidade monstruosa!!",0
"Eu estava em uma cidade onde td mundo era cego, ai eu descobri que era por causa de um demônio (ou algo do tipo) e ele queria me matar, ai teve perseguição em uma cabana na floresta, cortamos a cabeça dele, apareceu um urso e comeu a cabeça, ai o coiso possuiu o urso, acordei",0
" Poxa... Aí é complicado, o Rook eu encontrei ele a semana atrás quando o vil queria me matar, ele me ajudou e sumiu... Não temos paradeiro dele, e o ruggie abriu um restaurante com o Jamil lá na cidade dele, ele ele vai demorar pra vim, mas vou mandar o recado pra ele pd deixar",0
eu acabei de ver uma imagem da sucrose comendo o albedo com um pintao......... eu nao quero mais viver,0
"queria ter coragem de acabar com tudo, me matar ou sla",1
Eu esqueço de privar td mundo da minha família do status qnd eu posto algm tiktok ou meme q eles entendem errado só faltam me matar k,0
mds jafar ta me encarando como se fosse me matar,0
 minha mãe vai me matar,0
Essa minha ansiedade vai me matar ,1
  segunda vez que me marcam nesse video hoje meus oomfs estao tentando me matar sabem que eu nao resisto ao jinho de cabelo preto,0
fui na academia hoje com a minha mãe ela quer me matar,0
mano odeio isso q saco parece q ta todo mundo me vou me matar to falando sério,1
"porra, spotify família vai ficar 34 reais? meu padrasto vai querer me matar",0
 vou me matar,1
 EU NAO QUERO MAIS VIVER,1
"Eu fiz várias comprinha boba na shopee, minha mãe vai me matar ",0
"Mano nmrl eu gastei 5k de vbucks no code da org pra firma receber, vou me matar kkkk ",0
Todo mês eu dizendo que minha tpm ainda há de me matar,0
porém amanhã tem prova de física pra me matar,0
"Se eu não der um jeito no meu sedentarismo, ele vai me matar.",0
Nunca quis tanto me matar,1
"a lett ainda vai me matar do coração, eu tô avisando ",0
ai sinceramente eu vou me matar fds,1
 A PATRICIA QUER ME MATAR HAHAHAHAH,0
 Mas fazer o favor de vir aqui me matar vc não vem né boneca??,0
 pronto cara precisava me matar do coração assi nao,0
"minha vizinha quer me matar escutando belo, tá vindo aí o mais temido entre os brothers: a famosa bad",0
nada mais pode me matar pq eu já morri na segunda foto ,0
"essa professora tá de brincadeira com a minha cara
eu atrasei todas as outras matérias pra entregar as 300 atividades que ela passa de uma vez só e sem explicar, entreguei TUDO em dia e ela me deu dois de média pq uma das atividades estavam em PDF
vou me matar fds",0
meu gato escuta o barulho da água e só falta querer me matar ,0
" assim eu pegaria também, eu vi ela fazendo a matrícula do meu lado e ainda assim fiquei c medo, se acontecesse algo comigo mainha ia me ressuscitar pra me matar dnv de cacete tmj",0
Mano o Mafuyu cantando com o Yuki mds eu vou me matar Yuki me espera eu eu tô chegando,0
"elas vão me matar sem zoeira
",0
cólica vai me matar,0
bighit só falta me matar vei,0
SÉRIO PAR JISUNG PQ TENTA ME MATAR? ,0
ESSA MULHER QUER ME MATAR,0
toda vez que eu tô triste eu penso em me matar,1
"Bah só vou me matar nesse projeto da facu pq preciso do money, essa lenga por dinheiro aqui em casa me enlouquece.",0
MANO EU VOU ME MATAR SERIO KKKKKKKKKKKKKKKKKKKKKKKmenstruacao é coisa de mulher porca ,0
 quer me matar do coracao,0
yuqi minha querida n tinha necessidade de vc me matar desse jeito ,0
" amg ele acabou de tentar me matar, nada mais justo pagar na mesma moeda",0
Esse elenco vai me matar ,0
"se eu nao me matar essa semana, nao me mato nunca mais",1
essa mulher quer me matar de curiosidade ,0
 vou me matar,1
Eu tô morrendo de cólica tipo eu tenho certeza que meu útero tá tentando me matar pq n é possível,0
" Não tenho fome, pão eu ainda tento, as vezes, mas quer me matar é cheiro de ovo...eu não sei como esse povo encara ovo de manha!",0
 é tu q quer me matar,0
"vo comprar bolinha de piercing e colar nos lugares q eu quero furar e apenas aparecer, se meu pai n me matar ai eu vou lá e furo stonks",0
Gente pelo amor de Deus eu vou me matar  ,1
a minha mae vai me matar quando ela chegar em casa,0
"Tô quase fazendo uma tatuagem no pescoço hj, e escondendo com o cabelo até o mês que vem pro meu pai não me matar agr kkkkkkkk",0
Vontade de desativar tudo e me matar logo,1
"eu babo na minha gata, sei q ela sempre tenta me matar, mas amo ela",0
"mais um motivo pra me matar, se seguir assim eu não duro até meu aniversário",1
esses dois jovens lindos tentaram me matar VIOLÊCIA CONTRA O IDOSO É CRIME ,0
kkkk v5 você vai me matar de ansiedade por isso vou dormir,0
"Meu aparelho vai me matar, minha boca tá toda cortada q odio",0
"Eu me pergunto isso o TEMPO INTEIRO
sobre tudo o que ele lança... O que ali na narrativa é real e o que é um personagem! CRL ele quer me matar ",0
 Eu sonhei que alguém tava tentando me matar ,0
 E mais os mongos ficam tentando me matar,0
"eu chorando no banheiro
meu pai: luiza? cade vc? morreu ai?
eu: infelizmente não
ele: oloko filha, abre aí
tadinho, ele acha q eu ainda tento me matar KKKKKKKKK",0
"Eu fico imaginando o Jorge nisso, eu ia me matar de rir ",0
" sim, 2 delas temtadwm me matar",0
Ontem foi aniversário do meu sobrinho e eu esqueci de dar parabéns  minha irmã vai me matar,0
" é bem isso amg, e eu tô me ocupando aprendendo novos instrumentos, se não só limpar casa e ler iria me matar",0
"Eu fico imaginando eu num ligar que tenha esse brinquedo cheio de criança 
Aí eu vou ficar rindo que nem hiena engasgada das criança se batendo e os pais delas vou querer me matar ",0
"E cara ele falou que ia atrás de mim na escola
Por que o burrão aqui
Deu todas as informações 
E o foda é que eu tava com mt medo dos meus pais descobrirem
Eles iam me matar na hora
Só que no dia eu não podia faltar pq era jogos e eu era titular no time",0
"spoilers soc

.

.

.

Sua risada me perseguia ao acordar.
Você sempre odiou minha risada.
Eu amava sua risada, Nina. E seu coração feroz de guerreira. Eu poderia ter te amado também.

Eu juro que vou me matar eu juro mesmo eu não aguento mais",0
a menina do meu estágio deve estar querendo me matar ,0
minha mãe vai me matar quando aparecer com mais um gato em casa ,0
"sobrou tanto doce do aniversário do mano, vou me matar comendo",0
mano eu vou me matar ,1
 vou me matar felipe,1
Ficarei o dia todo sem oculos entao so falarei aq amanha pq tenho q me matar p ver as letras,0
 Minha escola quer me matar,0
"minha mãe me mandou ir almoçar e mandei foto de um todinho pra ela, to vendo que ela vai me matar",0
" Independente da questão nazista eu também não apertaria a mão de quem, caso houvesse oportunidade, tentaria me matar. Sobre o fato do nazismo, existem alguns documentários que dizem que nem todo alemão era nazistas muitos foram obrigados a se alistar ou morriam como traidores.",0
 eu vou me matar,1
" por causa de tudo, quero me matar",1
Mamãe vai me matar se eu fazer ela gastar mais 250 reais com outra blusa do flamengo mas a do mundial ta tão lindinha,0
 Amg eu gosto mt de aranha aquelas peluda grandona mas ej morro de medo dela me matar kkkkkkk agonia mas ao mesmo tempo gosto mt,0
"Pelo visto a minha vida vai ser só dor e sofrimento, então pode me matar Deus, eu n quero mais",1
eu vou me matar. ,1
"manchei minha blusa toda tentando passar um ngc no cabelo, minha mae vai me matar vou com deus",0
" não entendi nada, mas fiquei toda arrepiada e curiosa, vai me matar de novo",0
 nossa depois dessa ate vou me matar,0
 aff mano se for assim qualquer sonho meu envolve alguém querendo me matar ja sonhei que o lucifer queria me matar,0
a summer vai me matar mas enfimKKKKKKKK,0
sabrina vai me matar,0
real madrid e flamengo no mesmo dia é pra me matar,0
"falando nisso eu sonhei com a camila cabello querendo me matar, alguma camila ira estragar meu dia fica vendo",0
PITA QUE PAIRU FUDEU Q ODIO ELA COMENTOU UM NEGCOIO ME MATEM Q ODIOODIODOIODOIODOIODIODIDODIDDODID VOI ME MATAR SEROAAAAAAAAAAAAAAAAAAAAAAAAAAAAAAAAAAAAAAAAAAAAAAAAAAAAAAAAAAAAAAAAAAAAAAAAAAAAAAAAAAAAAAAAAAAAAAAAAAAAAAAAAAAAAAAAAAAAAAAAAAAAAAAAAAAAAAAAAAAAAAAAAAAAAAAAAAAAAAAAAA,0
"MEUS PAIS VAO ME MATAR, ELES SO SUSSEGAM QUANDO ME VEEM OU CHORANDO OU ME CORTANDO",1
   Cala a boca caramba eu em. Não sei se ele tá falando que só acredita vendo meu amigo que é maior que o seu ou se é tu tentando me matar,0
"quer me matar é ficar fazendo joguinho de interesse, seus amigos não fazem isso kkkkkk",0
"Dificuldade pra dizer que ama
Escrever sobre a vida é mais simples que viver
Se nosso prazer só se encontra na cama
Sinceramente, eu não quero mais viver (...)",0
"A Ana e a Cris quer me matar do coração, quero ver o rostinho do neném delas logooo",0
" vou me matar, ja tem das duas tb amg, escolhe alguém de fora da stan list, pode ser a bella com a devon?",0
 Gi eu vou passar mal vei... esse filme vai me matar mano,0
"meu deus eu sujei a mesa toda de tinta 
meu pai vai me matar",0
" eita prr, vai fazer oq? me matar? me atropelar? me jogar de algum lugar?",0
mds não tem jeito vou ter que me matar,1
"Então vem... me faz amar você  que eu tô louco pra dizer que não vou mais te deixar, eu não quero mais viver sozinho, sem você ",0
 lembro nem o ano minha mãe só falta me matar pq na ginecologista tem que falar né,0
 fofo pq se fosse cmh ia me matar,0
"esse projeto de administração vai me matar e eu não consigo fazer nada meia boca old, então eu vou acabar comigo mas vou entregar um projeto perfeito",0
 q odio vou me matar,1
nossa nao to acreditando que eu tava passando os stories de boa e o menino me posta a foto de uma lacraia gigante eu vou me matar,0
Eu vou ME MATAR,1
 eu vou me matar,1
Um minuto de silencio para essa perfeição. O Gulf sabe como me matar ,0
   Ele já tentou me matar..,0
" Então... Tem a ver com aquelas ameaças que te contei a um tempo atrás. Tentaram me matar, eu fui atropelado.",0
 MEU DEUS GOCE QUER ME MATAR,0
Paulo Gustavo sai logo desse hospital pra vc me matar de rir e chorar no 4 anda eu confio  ,0
"minha vida tem sido dormir, estudar, comer, malhar, chorar e tentar não me matar",1
sim eu quero me matar,1
"bom dia, perdi todas as minhas aulas, minha mãe vai me matar",0
meu deus eu vou me matar meu deus to um passo de jogar tudo da q de cima fi,1
"Se o ódio do governo não me matar, o colesterol mata",0
"A minha amiga vai me matar 
Te amo ",0
ultimo comprimido do anticoncepcional e n tem outra cartela acho que vo ter q me matar ne ,0
 eu lembro ate hj q eu sonhei q o segurança da moto q faz uiuiui tentava me matar,0
"MDS NETFLIX MEUDEUS NÃO PRECISA ME MATAR TÃO CEDO ASSIM LIMDA EIEHWJSIHWISUQIAIOQJSOQHSOQHSJQJIAJAJAJQISJOQJSIAOAO 

",0
eu vou ME MATAR de rir ,0
"nossa acordei só agora, pq tem gente mandando eu me matar?",0
mulher que tirou a foto da minha identidade você é uma vagabunda piranha desgraça puta vadia calcinha dura nojenta eu espero que você caia da escada eu te odeio você é ridícula tomara que perca o emprego tbm eu vou me matar por sua causa e você vai receber uma carta,0
Josh vai me matar,0
deus ta implorando pra eu me matar não é possível,1
pq eu sou assim vou me matar,1
 nanda eu vo me matar mano,1
"mas uma manhã nada produtiva, mds a preguiça vai me matar ainda",0
vo me matar ,1
me matar pelo porr da empresa p esperarem até literalmente o último dia de contrato p me contarem que não vão renovar,0
Um aviso d q eu vo encontrar o teccho e ele vai pedir pra comer sapo dai eu vou invadir o predio do vizinho ora catar sapo pra ele e os sapos vao tentar me matar ??? Ok ent ,0
 VOCE QUER ME MATAR EH ISTO????,0
 VOU ME MATAR,1
ESSE HOMEM VAI ME MATAR ,0
"tira a máscara do meu interior, revela quem eu sou, eu não quero mais viver, como eu estou quero a sua vida em mim Senhor! Tira a máscara do meu interior, revela quem eu sou...",0
td dia eu fazendo meus amigos se sentirem desconfortáveis talvez eu devesse me matar,1
o amaro querendo me matar do coração falando que o livro nao tinha chegado,0
 minha mae vai me matar por n fzr o cha dela I vote  for  at the .,0
acho q essa pessoa pode me matar e ainda assim a maria eduarda não vai deixar de gostar dela nunca! muito bom,0
qualquer dia desses meu período mesntrual vai me matar,0
vou me matar ora acabar com isso logo,1
"matando a distância tipo voodoo
cês tá igual rodrigo faro, chorando por causa do... gugu!
rimando mais que o kendrick
chapando mais do hendrix
se alguém me matar eu sou fênix
de adidas, public enemy
hennessy
xan e lean 
possuído igual emily",0
"Vontade de me matar, bullying, ansiedade e disforia de gênero ",1
"Ele quer me matar, sério.",0
"Se o estágio não me matar eu juro que mato o estágio! Que merda essa droga em EAD!!!!!!! Nada é realista, mas gente te que ser. Ah toma no cu! SÓ QUERO ME FORMAR! Quando tiver dando aula de vdd eu me viro, não tô aprendendo nada que já não soubesse mesmo.",0
enxaqueca ainda vai me matar um dia ,0
vou me matar ,1
meu deus eu amo tanto a risada do gyu vou me matar,0
vou me matar ,1
 o mano vou me matar,1
"Quando minha mãe descobri que fiz recarga no meu celular com o cartão dela, vai me matar ctz kkkkkkkkkkkk",0
"Você nasceu sozinho, vai morrer sozinho, conte somente com você.
.",0
minha mae queria me fazer cheirar álcool essa mulher quer me matar só pode,0
 Não sou que quero me matar. Paz ,0
tá querendo me matar do coração é jun ,0
 vc eh tao linda jeaus vou me matar,0
essas provas tão pra me matar,0
"Deus, me explique, pq eu sonhei quenum monstro gigante feito de tinta branca pra parede ia me matar?",0
" Sofro com isso com o vizinho de cima , tenho medo de ir falar e sei lá o cara ser agressivo e me matar  q gente ri mas o que tem de gente sem noção",0
 Vcs querem me matar do coração,0
na moral vou me matar,1
"Mano, hoje eu sonhei que era bióloga marinha de um projeto nos EUA e um dia fomos mergulhar pra explorar uma espécie rara de peixe. Analisando o peixe descobri que ele produzia uma substância que ajudava no combate à covid 19, aí o governo americano meio que mandou me matar kkk",0
estou indo me matar neste exato momento. adeus. ,1
  Essa mulher ainda vai me matar com tanta beleza ,0
"ai mas que estresse
tpm DESGRAÇADA PUTINHA DE MERDA
quero matar alguém e me matar depois",0
"Essa mulher ainda vai me matar com tanta beleza...
TO PASSANDO MAL CARLA DAYS  ",0
"O cara dentro do ônibus falando que está na hora da morte, tá me dando vontade de descer do ônibus e ir andando, vai morrer sozinho, eu em ",0
"o jao vai morrer sozinho mesmo, tadinho",0
shawn tá querendo me matar,0
 bom dia best vou me matar,1
"vsf fazia tempo que não ficava mal assim, acho q nunca me senti tão idiota vontade de me matar",1
EU NÃO QUERO MAIS VIVER ,1
"Sinto que tô sempre incomodando todo mundo, vou perder meu emprego e me matar",1
c verem essa foto vão me matar,0
eu queria era me matar,1
"quando eu tenho crise me sinto mt culpada pq aqui acham q eu quero estar assim, q ridiculo. minha mãe faz eu me sentir culpada por isso e ela nem percebe 
da vontade de me matar, só pelo peso q eu sinto q sou.",1
essa cena vai me matar de ansiedade,0
  Já mandaram eu me matar por não achar o L bonito a,0
lunna clara acabou de me matar do coração após uma crise alérgica e eu achei que ela tava morrendo,0
 ainda vai me matar,0
a realidade é que a vida de todos ia ser melhor sem mim,1
O GATILHO MANO EU CHORO SÓ DE OUVIR QUALQUER MENCAO DE TURNÊ AGR ELE QUER ME MATAR DE CHORAR ,0
como faz para abandonar a escola sem minha mãe me matar,0
 vou me matar,1
shawn tirou o dia pra me matar,0
mano do ceu esse menino ainda vai me matar do coração,0
Ele tá tentando me matar ,0
"Benjamim ainda vai me matar do coração....abriu a porta sozinho e foi  pra beira da escada, nunca corri e gritei tantoooo

Que desesperoooo",0
Academia vai me matar essa semana de novo ,0
 CAMPA MAIS VAI ME MATAR NÃO,0
Não ta funcionando vou me matar,1
Tailane vai me matar que eu cortei o cabelo,0
Ela vai me matar do coração é hj msm  ,0
vou ter que me matar de estudar programação ,0
nossa q vontade de me matar puta que pariumlk,1
eu to muito ansiosa essas semanas vou me matar em crise até meu pai vir,1
"Quer me matar é contar piada pra mim,a pessoa se sentir pqp
É aquilo né,quem tem boca fala o que quer",0
"serio, eu já to de saco cheio do colégio e dessa merda toda.
Esse ano eu me formo e  depois disso nunca mais piso em um colégio na vida, vou fugir até da faculdade.
não quero me matar de estudar pra la na frente não conseguir ser alguem na vida.",0
 ainda vão me matar qualquer dia! Dá até vontade de se apaixonar hahaha,0
" Lu amg , tu quer me Matar me chamando de lu?

Sou do estado do rio , moro em rb",0
catita so faltou me matar na ultrassonografia,0
 vou me matar,1
 Pra ter esses álbuns imagino kkk Acredita que eu perdi uma oportunidade de ter a versão da Tiffany de IGAB?? Minha irmã quis me matar por ter escolhido um álbum do Boyfriend na época ao invés das Soshis kkk (tira fotinho da coleção dps se vc quiser xD Acho tão fofinho),0
   se fosse assim ninguém podia falar morta ou vou me matar pq é piada com homicídio e suicídio kkkkkkkkkkkk.,0
"  queria ser criativa a ponto de ter sonho assim

meus sonhos ou são até q bem realistas, ou extremamente ridículos do tipo minha coisa q segura bolsa ter vida e um clone do mal dela querer me matar (e eu nn conseguindo me mexer)",0
Corretor do convênio tá querendo me matar,0
"Eu aceitava

Se for sequestro pra me matar, bom
Se for pra ser modelo em Dubai, bom também

Tudo lucro fml ",0
Tirando a parte que ele queria me matar pq eu sai o final de semana todo sem ele  ,0
Tirei 7.5 na prova mais fácil do mundo alg me dá um tiro. A minha mãe vai me matar,0
carregador i luminaria de bonus ainda vai explodir e me matar besta eh o vei que vendeu so por 20,0
tava fazendo a prova esse tempo todo sem ta na aula vão me matar,0
Todo dia ele me manda umas coisas que eu me derreto esse menino vai me matar ainda kkkkk,0
a cólica vai me matar esse mês slcc,0
eu quero me matar,1
eca comi um chocolate de menta quero me matar,0
 MAMÃE VC QUER ME MATAR,0
a gata quer me matar MAS TA LINDA PERFEITA CHEIROSA y ARRUMADA VAI COM TUDO RAINHA PISE EM TODES COM SUA BELEZA ,0
essa maya vai me matar do coração,0
tentando não ficar mal pq eu dormi demais e perdi a hora da aula de hoje meu deus é só assistir a aula gravada pq meu cérebro quer me matar pq eu em 8 meses de ensino remoto perdi UMA aula UMA única vez pq tô CANSADA?,0
 cadê o resultado da primeira chamada da listda de espera??? vc quer me matar do coração????????,0
 PQP MULHER VC VAI ME MATAR,0
Eu já acordei querendo me matar,1
minha mãe quer me matar ,0
" vou morrer sozinho, no caixão só cabe umkkkj",0
 sempre foi um sinal pra eu não ser fã dele porque se fosse algum outro eu ia me matar de verdade,0
" eu usava um de arma, minha mãe ficava pra me matar mas faz parte",0
mais um dia e eu querendo me matar,1
eu vou me matar ,1
"  caralho jeca, você quer me matar?",0
"gostei da sua motivação mas eu estou no fundo do poço, posso dar até algumas risadas, mas aqui, está marcado que preciso  me matar",1
a Beatriz vai me matar akakkakakakakkakakakak,0
" aff bel, quer me matar",0
" sim pqp, mó medo de chega na parte tóxica do twitter, pode ter alguém te assediando, sendo homofobico, mandando me matar, eu não tenho cabeça pra isso não",0
Toda vez que eu coloco o pé na minha casa eu tenho vontade de me matar. Incrível,1
"Acabei de entrar no Insta, Mew do céu, quer me matar do coração?!  ",0
essa olimpíada vai me matar,0
"Minha tia esqueceu de comprar Dangerous e Eros

Vou me matar",0
"   SEGUNDA VEZ Q ME MANDAM ISSO.
VCS QUEREM ME MATAR",0
"O início do sonho lá atrás quando era um pobre mancebo que odiava a minha própria aparência e achava que ia morrer sozinho, até que ouvi o  ,  , ,  ,  e  falando que sim, você consegue, com suor e lábia você consegue. ",0
Hoje é dia do Flamengo me matar do coração de novo,0
 vou me matar ,1
vo me matar ,1
"gente a aurea no nossa tarde para me matar? filha, posso ter aulas ou tenho que congelar a matrícula para te acompanhar?",0
"  no dia q vc me matar do coração vc me paga, infernooooo",0
"Tão tentando me matar essa hora do dia 

",0
" ele ainda vai me matar, olhe o que eu tô falando",0
Um mlk falou pra eu me matar só pq eu fqlei q eu n gostq da Dínamo e q eu gostei do pack das comidas kkkkk,0
Q odio n da pra da banho no meu cachorro sem ele me matar primeiro,0
"sinto muito pela morte da sua tia, mas vc disse que as coisas que eu falei na call te afetaram e causaram ansiedade em ti mas eu nao falei nd demais. mandaram eu me matar no meu ccat e etc e mesmo assim eu nao liguei, se fosse não é madura o suficiente pra lidar com opiniões ",0
" eu tô começando a ficar com medo, vei
acho que New Moon tá escondida debaixo da minha cama p esperar o momento perfeito e me matar enquanto eu estiver dormindo",0
" Vou mandar na Dm, medo de o estúdio tentar me matar Kk",0
"gente era meme, não precisa me matar",0
"nunca  vou  esquecer  do  dia  que  sonhei  com  um  palhaço  tentado  me  matar

des  daquele  dia  tenho  trauma  com  palhaço  ",0
  vou me matar,1
vou me matar ,1
"Esse remédio vai me matar, comecei a tomar hoje e já estou com a boca amargando e muito muito enjoada",0
essa professora vai me matar QUE INFERNO,0
"Se eu depender da minha voz pra ser atraente eu vou morrer sozinho, ela parece a voz do Chico Bento criança ",0
"Ai gente, oque alguém está esperando pra me matar? ",1
"gente pelo amor de deus um dia esse homem vai me matar, eu não tava preparada pra isso ",0
bem que eu podia me matar né,1
  niall vc vai me matar uma hora to nem brincando,0
 Faz sentido vc me!!! Olha seu nome,0
 realidade: vc vai morrer sozinho,0
" Ele ainda vai me matar, não aguento mais ouvir a voz dele",0
hoje minha rinite vai me matar,0
Hoje eu sonhei que eu era uma winks e as outras winks queriam me matar,0
 vai ter que me matar pra ficar com ele sua cu de fossa,0
 que desilusão eu nao quero mais viver,1
 vou me matar,1
SHAWN VC QUER ME MATAR PORRA ,0
Minha mae vai me matar amanhã,0
SHAWN PETER RAUL MENDES VC VAI ME MATAR FILHO DA MAE ,0
essa professora tá querendo me matar só pode,0
GAROTOOOOOOOO VC VAI ME MATAR ,0
luísa vc acha quer me matar a essa hora da manhã ,0
"Chico Buarque Tim Maia 
                 Seu jorge 
Me matar a cada dia com suas músicas",0
ele vai me matar do coração,0
O SHANW QUER ME MATAR SERIOOO AAAAA ,0
Hahahahhaha meus amigos the sendeiros querem me matar quando falo um negócio desses ,0
 ESSE LIVR VAI ME MATAR TA DANDO TUDO CERTO TO COM MEDO PQ AINDA N TA PERTO DO FINAL,0
 vou me matar to falando,1
"Eu falto me matar pra dar uma boa imagem pra cá pra vir fi de pica inventar merda de mim
Se lascar",0
 Véi menos de uma semana de tattoo e ele arrancou as casquinhas todas cê tem noção? Kkkkk ainda me diz que saiu sozinho kkkkkkkk é pra me matar de raiva um trem desse,0
Quer me matar d raiva e mecher nas minhas coisas sem me falar,0
SHAWN MENDES VOCE QUER ME MATAR BEHSNSKSJSUSB EU NAO TAVA PRONTA PRA TANTO MIMO ,0
"Agora vou contar a triste história de 2 Neymar que se conheceram no meio da partida, ele ia me matar mas aí agachei para ele pois eu tava fazendo missão, aí ele tbm agachou para mim, aí nós vivemos felizes até que ele foi enfrentar um cara e morreu

(12) ",0
"Tá um sabão de liso o piso ainda, minha mãe vai me Matar",0
quero me matar não acredito,1
GENTE A NICOLLI VAI ME MATAR ALGUM DIA ,0
Eu to apagando todas minha redes sociais e indo me matar ,1
 vc quer me matar ne,0
se eu contar isso p minha irmã é certo que ela vai me matar,0
vo apresentar trbalho meud eus wuenodio eu vo me matar,0
Eu quero me matar ,1
"1 ano sem ver o breno, quando vejo ele tenta me matar ",0
"Um lado ruim de morar sozinho é que sempre que eu passo mal, penso que vou morrer sozinho e só vão sentir minha falta e achar meu corpo na semana que vem",0
real madrid e flamengo no mesmo dia é pra me matar ,0
 pelo amor de deus se quer me matar me dá um tiro cara assim doi mais  ,0
As vezes me matar resolveriam todos meus problemas,1
 Me chama de nazista e vem me matar de tanto sentar em mim ,0
"Tentando ensinar meu cachorro a puxar o skate, todo dia procurando uma forma diferente de me matar",0
o sotaquezinho dele vou me matar ,0
"  Como tu vai me matar, tem nem meu rosto",0
" eu vou me matar essa semana ainda e tu querendo cuidar do meu futuro, eh mole",0
Nessian ainda vai me MATAR de amor eu JURO,0
"Nu quer me matar de raiva, faça isso ! ",0
MEU DEUS SHAWN MENDES VAI ME MATAR,0
 nossa amiga que professora CHATA sério eu vou me matar ela é muito chata,0
ja abri a boca pro meu irmão do presente de aniversário dele  vão me matar,0
se eu me matar é culpa do paulo,1
 sarinha fudeu tudo lek não vai ter maracanã no final do ano minha mãe vai me matar,0
eu vou me matar,1
Tô salvando um monte de unha pra Fernanda fazer no dia da minha manutenção kkkkkkkkkkkkkk ela vai me matar,0
"Millena pegou o Uno da Isabelle e espalhou tudo no chão, ela vai me matar",0
"Não Faço ideia de onde tá o fone da minha mãe, ela vai me matar",0
A TELLA ESCREVEU O NOME NA CARTA ELA VAI TROCAR DE LUGAR COM A MÃE EU VOU ME MATAR,0
sofia wylie vc vai me matar neste filme. ,0
vontade de me matar quando o uber n quer fechar as janelas moço vai estragar toda a minha franja,0
" Eu nunca iria receber aquele Clóvis Paiva sendo prefeito, por isso digo que seu eu fosse político essa galera iria querer me matar.

Keko tem que bater na mesa e dizer que vai ter reforma agrária, pois político tem que ser viril e visionário.",0
sinusite vai me matar ctz,0
"Sonhei que meu ex tava querendo me matar, esse corno filho da puta. Já é a segunda vez que eu sonho com essa praga só essa semana.",0
Minha vó vai me matar... mas fazer o que né,0
" TIA EU JA TENHO UM 
Meu pai vai me matar",0
meu deus eu vou me matar,1
Graças a indi eu sonhei que eu a  tava na lalu e a  me dando bronca falando q eu ia morrer e que ela ia me matar dnv. (AS SUAS PALAVRAS ESTÃO FUDENDO O MEU SONO DONA INDI).,0
FORAM 30 CARALHOKKKKKKKKKKKKK ELE VAI ME MATAR. ,0
 Seria ainda mais perfeita se não tentasse me matar toda vez que eu tento comer ,0
caralho cara quero me matar :,1
"Queria alguém pra conversar, sinto que posso me matar a qualquer momento.",1
"vou comprar um negócio, minha mãe vai me matar, mas vou aceitar o risco pq é muito legal, mas ela vai me matar",0
Um dia essa azia vai me matar,0
"SHAWN E TARZAN 
PAREM DE ME MATAR COM TANTA FOFURA ",0
me matar talvez seja a melhor opção,1
entendi vou me matar ent,1
  eu vou me matar,1
SHAWNFILHO DA PUTA TA QUERENDL ME MATAR DESGRAÇADO,0
 boto mesmo EAE? VAI ME MATAR?,0
vo me matar,1
me odeio me odeio me odeio me odeio para um caralho e quero ME MATAR AGORA,1
 Ai é pra me matar,0
  Tu quer é me matar. Huahsuhaushuha! Eu tô malhando aqui na Machida do xopen.,0
ok vou me matar ,1
 MEU DEUS ANA NN se ele postar foto c aquele cabelo lambido destacando o cabecao dele eu vou me matar mas na realidade ele n vai postar nada plssss ,0
"Haru você disse que ia fazer uma thread com as nossas duplas, não que ia tentar me matar do coração ",0
A única coisa que eu quero agora eh me matar de 400 formas diferentes ,1
Vontade de me matar.,1
minha mãe tá preocupada comigo e agora eu quero me matar,1
gente sério eu vou me matar,1
   Milena tu queres me matar n é possível ,0
nunca quis tanto me matar,1
Queria estar morto,1
vo me matar,1
deveria me matar,1
 rê vc quer me matar essa música mds vc cantando ainda,0
shawn pelo amor de deus vc quer me matar,0
Se eu não sair logo vou me matar,1
QUER ME MATAR KEREM FILHO DUMA ÉGUA,0
nao aguento mais ser inútil pra humanidade vo te q me matar,1
Meu treino de pernas vai me matar? Todos os dias kkkkk,0
A CONTA DA VIVIAN CAIU PQ ELA MANDOU EU ME MATAR ONTEM KKKKKKKKKKKKKKKKKKKKKKKKKKKKKKKKKKKKKKKKKKKKKKKKKKKKKKKKKKKKKKKKKKKKKKKKKKKKKK,0
 Tu ia ser a primeira a me matar,0
gigi quer me matar do coração hoje aaa,0
"se eu me matar não vou ter aula mais né 
Boa ideia",0
meu pai vai me matar,0
THE B VOCÊ VAI ME MATAR AINDAAAAA,0
 Quer me matar que coisa lindaaaaa,0
o wes quer me matar,0
" Quem mandou me estuprar em 2018 após eu ter que me mudar por conta da denúncia fiz?

Quem tentou me matar colocando fio desencapado vazando corrente elétrica na geladeira da kitnet onde morava em 2019? 

E por quê?",0
deus me mata eu juro que você pode me matar agora me mata me mata,1
" Se a minha INTENSIDADE ainda for me matar, eu prefiro ter poesias e histórias pra contar FALTAM 7 dias para meu Girah. 

SARINHA NO MAIS VOCE",0
 Se ela me matar eu vou fica puta,0
Essa faculdade ainda vai me matar,0
rtx1660 4 mil reais. quero me matar,0
Lara vai me matar qualquer dia desses,0
"Tenho que parar de comer lanche de segunda a domingo, isso vai me matar a qualquer momento",0
essa cólica vai me matar,0
"Quer me matar é mandar eu ir pagar conta, morro de medo de perder dinheiro dos outros ",0
"jaja faz um ano que a menina disse que ia comprar uma arma e me matar quando as aulas voltarem

comenta ",0
eu vou me matar,1
Vitória vai me matar,0
 vou me matar,1
"  CARALHOOW, quer me matar logo ? Ksskkssk aí mano te amo na moral, tava precisando ler isso",0
"Minha irmã fez panqueca e me serviu na cama, de certo ela está planejando me matar até às 20h",0
só wesley p quase me matar do coração uma hora dessa ,0
" guilherme, eu universo já tentou me matar diversas vezes, afogado, eletrocutado, por doença, por queda, etc... você acha mesmo que eu vou morrer? eu sou imortal",0
me odeio quero me matar,1
"queria contar a fofoca pras minhas amigas
vou? não 
pq? pq com certeza elas vão me matar
 e  AMO VOCES LINDAS NAO ME MATEM ",0
Meu serviço ainda vai me matar tnc,0
Amanhã tem dentista e a doutora vai me matar kkkk,0
"Eu tive um pesadelo c gatos assassinos q tavam invadindo minha casa, dps eu tive q correr d uma vaca q qria me matar
Ou eu tenho um problema ou os animais me odeiam mesmo",0
hoje foi o pior dia que escolheram pra me dar folga e me deixar em casa sem nada pra pensar além de me matar,1
"mds eu preciso me matar, agr n é nem vontade e sim necessidade pqp",1
 Vitor eu vou me matar serio,1
Esses dias mesmo sonhei que o mundo tinha sido destruído por uns monstros sinistros e a  era uma vampira que queria me matar,0
mas atualizando num geral minha vida: tudo ta uma merda olha que delicia a depressao me pegou de um jeito me fodeu todinha awwn owwn minha crises tao pior e a vontade de me matar eh diaria e toda hora. to me sentindo vazia sozinha um lixo e tô achando que eu tenho alguma outra,1
"rapa quer me matar é maltratar os outros, principalmente por picuinhas. cuidado amiga, você tá quem tá montando sua forca",0
  você. quer. me. matar?,0
"terminei a prova foi de boa

so vou ali fora me matar",0
a ponto de me matar,1
Deixei meu celular com meus sobrinhos quase perco a ligaçao dele minha irma ia me matar kkkkk,0
obg mãe por fzr eu querer me matar todo dia da munha vida,1
 qUER ME MATAR,0
Eu fiz uma merda gigantesca no Instagram do nosso evento meu professor vai me matar,0
"o colde começar com gold, é pra me matar msm",0
"Faculdade pq queres me matar? 

 vote  for  at the ",0
"você quer me matar, é só ficar fazendo barulho comendo do meu lado",0
nao mas ja comentei nossa que lindo ele solteiro? e tavam juntos quis me matar ,0
" as provas da faculdade tão tentando me matar 
obrigadaaa vida",0
não sei diferenciar lauda de página se eu me matar de escrever e ver que não tinha necessidade eu vou trancar o curso,0
não eu NÃO quero tratamento eu QUERO acabar com meu sofrimento,1
 Ai tu quer me matar kkkkk,0
Lembra que eu falei que hoje ia ser bom. Mais um vez errado. Falo pessoal vou me matar,1
Vou tocar quarta pra eu n me matar pq nur,0
devo me matar agora ou depois?,1
